,Entity,Year,Air Pollution
0,Afghanistan,1990,65.4867916524168
1,Afghanistan,1995,65.1795127055462
2,Afghanistan,2000,64.922461997785
3,Afghanistan,2005,64.5226827135877
4,Afghanistan,2010,65.2455916800454
5,Afghanistan,2011,66.8357271071327
6,Afghanistan,2012,66.02317421224
7,Afghanistan,2013,61.3667445152584
8,Afghanistan,2014,59.0103302514867
12,Africa Eastern and Southern,1990,34.5664071930572
13,Africa Eastern and Southern,1995,34.4211633760578
14,Africa Eastern and Southern,2000,34.3567968816715
15,Africa Eastern and Southern,2005,33.8361694349648
16,Africa Eastern and Southern,2010,33.7375138391299
17,Africa Eastern and Southern,2011,34.3182082137038
18,Africa Eastern and Southern,2012,34.8160380457838
19,Africa Eastern and Southern,2013,34.6704923143796
20,Africa Eastern and Southern,2014,34.0412709286745
24,Africa Western and Central,1990,58.0796325820764
25,Africa Western and Central,1995,56.1117966589747
26,Africa Western and Central,2000,55.3470919445619
27,Africa Western and Central,2005,48.7223823608342
28,Africa Western and Central,2010,44.8312701297088
29,Africa Western and Central,2011,44.3396828201891
30,Africa Western and Central,2012,47.2437420876352
31,Africa Western and Central,2013,42.7185429187937
32,Africa Western and Central,2014,41.9522054415534
36,Albania,1990,22.7186632445467
37,Albania,1995,22.029218279463
38,Albania,2000,21.998248157076
39,Albania,2005,21.5752579644029
40,Albania,2010,21.2778281243428
41,Albania,2011,22.7725366537911
42,Albania,2012,20.5782591769838
43,Albania,2013,19.9385171053378
44,Albania,2014,18.8839549651717
48,Algeria,1990,36.9302577059946
49,Algeria,1995,36.4565841837832
50,Algeria,2000,37.5360503002013
51,Algeria,2005,35.8588265111515
52,Algeria,2010,33.6358202624012
53,Algeria,2011,33.8340477410328
54,Algeria,2012,33.3668262043692
55,Algeria,2013,34.2453279072063
56,Algeria,2014,35.563917177565
60,American Samoa,1990,12.4790826565409
61,American Samoa,1995,12.4790826565409
62,American Samoa,2000,15.214667966958
63,American Samoa,2005,15.2378416845987
64,American Samoa,2010,15.0727217319968
65,American Samoa,2011,15.3906418570512
66,American Samoa,2012,14.3441501484645
67,American Samoa,2013,14.1272255153053
68,American Samoa,2014,13.3169920338184
72,Andorra,1990,14.1187416066287
73,Andorra,1995,13.9368669262055
74,Andorra,2000,12.5940147055853
75,Andorra,2005,12.9613780437777
76,Andorra,2010,12.8071974989972
77,Andorra,2011,13.2735055489618
78,Andorra,2012,12.4070530290878
79,Andorra,2013,11.8136733075768
80,Andorra,2014,10.8304182450691
84,Angola,1990,36.4481159908747
85,Angola,1995,35.6029081697262
86,Angola,2000,36.182967879889
87,Angola,2005,34.9629120527896
88,Angola,2010,33.7872471854573
89,Angola,2011,33.1041946330203
90,Angola,2012,33.4154950593669
91,Angola,2013,34.6639225658386
92,Angola,2014,32.9740250383699
96,Antigua and Barbuda,1990,22.4085635347848
97,Antigua and Barbuda,1995,22.4515950594337
98,Antigua and Barbuda,2000,21.9761180428363
99,Antigua and Barbuda,2005,22.1343296076435
100,Antigua and Barbuda,2010,22.5288761062762
101,Antigua and Barbuda,2011,23.1478617038523
102,Antigua and Barbuda,2012,21.4710504378955
103,Antigua and Barbuda,2013,20.7353850736625
104,Antigua and Barbuda,2014,19.7255836182805
108,Arab World,1990,53.3002660906353
109,Arab World,1995,52.5434083785399
110,Arab World,2000,53.0630763525235
111,Arab World,2005,52.395249480025
112,Arab World,2010,53.7870016038215
113,Arab World,2011,52.6523412274825
114,Arab World,2012,53.2974819749178
115,Arab World,2013,54.0541482707356
116,Arab World,2014,52.5838605863246
120,Argentina,1990,16.220530169464
121,Argentina,1995,16.8460647537934
122,Argentina,2000,16.7809479169912
123,Argentina,2005,16.4030853648294
124,Argentina,2010,16.8591006158722
125,Argentina,2011,17.382982132833
126,Argentina,2012,16.1350718237481
127,Argentina,2013,15.5973751475223
128,Argentina,2014,14.4669804074766
132,Armenia,1990,36.860721103674
133,Armenia,1995,35.1209416240867
134,Armenia,2000,36.796446971455
135,Armenia,2005,37.0687292358254
136,Armenia,2010,37.5300409299361
137,Armenia,2011,38.6122752150667
138,Armenia,2012,37.184484644841
139,Armenia,2013,34.9372125951584
140,Armenia,2014,33.0859498151739
144,Australia,1990,10.4118546340861
145,Australia,1995,10.426396579877
146,Australia,2000,10.8437236627653
147,Australia,2005,10.597133611302
148,Australia,2010,10.6188794048093
149,Australia,2011,11.0472649248094
150,Australia,2012,10.5370899888968
151,Australia,2013,9.987683889602
152,Australia,2014,9.49297875176193
156,Austria,1990,16.8666882522145
157,Austria,1995,15.7061258069427
158,Austria,2000,15.3553628184252
159,Austria,2005,15.592062647125
160,Austria,2010,15.1491399543527
161,Austria,2011,15.5733709260358
162,Austria,2012,14.282332052066
163,Austria,2013,14.0816134772545
164,Austria,2014,13.3792279402368
168,Azerbaijan,1990,23.9429148197785
169,Azerbaijan,1995,23.3914288602793
170,Azerbaijan,2000,22.8807720019118
171,Azerbaijan,2005,22.8657059913323
172,Azerbaijan,2010,23.0476012009805
173,Azerbaijan,2011,23.6298687996479
174,Azerbaijan,2012,22.1808103351695
175,Azerbaijan,2013,22.2787804649609
176,Azerbaijan,2014,20.7100675132803
180,Bahamas,1990,21.019923737563
181,Bahamas,1995,21.2866268998626
182,Bahamas,2000,21.3182006569771
183,Bahamas,2005,21.0663565154046
184,Bahamas,2010,21.1105136971362
185,Bahamas,2011,21.7744249405106
186,Bahamas,2012,20.3170756932496
187,Bahamas,2013,19.9094007901768
188,Bahamas,2014,18.4953332809446
192,Bahrain,1990,68.1587615823942
193,Bahrain,1995,68.1233494155679
194,Bahrain,2000,67.9577893383379
195,Bahrain,2005,64.5872757767634
196,Bahrain,2010,65.6308809736381
197,Bahrain,2011,63.7324992882939
198,Bahrain,2012,70.2874825415208
199,Bahrain,2013,67.794678177984
200,Bahrain,2014,62.758543707641
204,Bangladesh,1990,61.5956296327088
205,Bangladesh,1995,61.8031439877725
206,Bangladesh,2000,63.0363418042722
207,Bangladesh,2005,68.8735459074661
208,Bangladesh,2010,70.7649956561969
209,Bangladesh,2011,70.2105488970643
210,Bangladesh,2012,70.7939088190512
211,Bangladesh,2013,65.6450828942286
212,Bangladesh,2014,68.3953773999732
216,Barbados,1990,28.2125217340507
217,Barbados,1995,28.2458825014992
218,Barbados,2000,28.4794561939798
219,Barbados,2005,28.4828009987867
220,Barbados,2010,28.2168144128082
221,Barbados,2011,29.3034896712655
222,Barbados,2012,27.0335295598113
223,Barbados,2013,26.2302305442659
224,Barbados,2014,25.1830144736914
228,Belarus,1990,24.5858482611095
229,Belarus,1995,22.6568869959596
230,Belarus,2000,22.6502661292655
231,Belarus,2005,22.8719005528036
232,Belarus,2010,23.3194095815656
233,Belarus,2011,22.9111457833362
234,Belarus,2012,21.6463722628796
235,Belarus,2013,20.5904595427973
236,Belarus,2014,19.7660536645136
240,Belgium,1990,17.5874964252016
241,Belgium,1995,16.4960657238411
242,Belgium,2000,15.6624512189871
243,Belgium,2005,15.4363514574039
244,Belgium,2010,16.0093192335248
245,Belgium,2011,15.6984425660181
246,Belgium,2012,14.7418936525439
247,Belgium,2013,14.022669855411
248,Belgium,2014,13.2336213038739
252,Belize,1990,27.429802340104
253,Belize,1995,27.1251925184233
254,Belize,2000,27.8414398265816
255,Belize,2005,28.2925787310042
256,Belize,2010,28.2730541965825
257,Belize,2011,28.8004462756898
258,Belize,2012,27.4091221262169
259,Belize,2013,27.2844396614662
260,Belize,2014,24.421148092659
264,Benin,1990,40.2201360958666
265,Benin,1995,38.0784716267835
266,Benin,2000,39.776293240581
267,Benin,2005,34.3288088985177
268,Benin,2010,32.3929691623113
269,Benin,2011,32.5808462339065
270,Benin,2012,31.9920004396705
271,Benin,2013,31.4432986543429
272,Benin,2014,29.6604556737574
276,Bermuda,1990,11.7497593411712
277,Bermuda,1995,11.6910110552035
278,Bermuda,2000,14.8054427482806
279,Bermuda,2005,14.7755869189994
280,Bermuda,2010,14.6473815127597
281,Bermuda,2011,14.8431129198767
282,Bermuda,2012,13.9790826313443
283,Bermuda,2013,13.4788509478601
284,Bermuda,2014,12.8064147726534
288,Bhutan,1990,40.2059690673873
289,Bhutan,1995,40.0750749578279
290,Bhutan,2000,39.7495788195725
291,Bhutan,2005,43.0196356556158
292,Bhutan,2010,43.961883169177
293,Bhutan,2011,43.0717032876702
294,Bhutan,2012,42.9322728903261
295,Bhutan,2013,41.8819070055062
296,Bhutan,2014,40.839673733048
300,Bolivia,1990,23.9526794872488
301,Bolivia,1995,24.6725723928815
302,Bolivia,2000,26.2544413947557
303,Bolivia,2005,29.3956430013118
304,Bolivia,2010,29.5728098986586
305,Bolivia,2011,27.9042043928553
306,Bolivia,2012,26.3902438849335
307,Bolivia,2013,26.0904689724638
308,Bolivia,2014,24.8188293201879
312,Bosnia and Herzegovina,1990,30.3525578052722
313,Bosnia and Herzegovina,1995,29.3396139098119
314,Bosnia and Herzegovina,2000,33.1722601843176
315,Bosnia and Herzegovina,2005,33.772121067202
316,Bosnia and Herzegovina,2010,32.3001560924824
317,Bosnia and Herzegovina,2011,34.1918664789545
318,Bosnia and Herzegovina,2012,31.7732597083639
319,Bosnia and Herzegovina,2013,30.4462307541208
320,Bosnia and Herzegovina,2014,28.7773251270833
324,Botswana,1990,25.4354308255046
325,Botswana,1995,24.986308924609
326,Botswana,2000,25.3018243731194
327,Botswana,2005,25.0737269309676
328,Botswana,2010,25.724720717595
329,Botswana,2011,24.5921145917485
330,Botswana,2012,24.8540389372008
331,Botswana,2013,24.874259310378
332,Botswana,2014,24.1512777920262
336,Brazil,1990,15.1438614382675
337,Brazil,1995,15.4128568980135
338,Brazil,2000,15.7734811860184
339,Brazil,2005,15.5959257322181
340,Brazil,2010,15.9552850623393
341,Brazil,2011,15.9127979882089
342,Brazil,2012,15.2854557635981
343,Brazil,2013,14.6099009220172
344,Brazil,2014,13.989934768646
348,Brunei,1990,6.73229822202624
349,Brunei,1995,6.83956834251255
350,Brunei,2000,6.88451352392684
351,Brunei,2005,7.24439177038536
352,Brunei,2010,7.41700440262452
353,Brunei,2011,7.36618712214386
354,Brunei,2012,7.57082294863593
355,Brunei,2013,6.70948968257737
356,Brunei,2014,6.18083011458724
360,Bulgaria,1990,27.5598809577817
361,Bulgaria,1995,25.4928101476946
362,Bulgaria,2000,24.0898088199408
363,Bulgaria,2005,23.267300130887
364,Bulgaria,2010,22.7561954933364
365,Bulgaria,2011,24.3003270160439
366,Bulgaria,2012,22.6446557816423
367,Bulgaria,2013,20.9996370886972
368,Bulgaria,2014,20.7435699611911
372,Burkina Faso,1990,46.0146612567422
373,Burkina Faso,1995,45.1089335182779
374,Burkina Faso,2000,44.8831116719604
375,Burkina Faso,2005,39.335115187615
376,Burkina Faso,2010,37.4913287244265
377,Burkina Faso,2011,37.2813754909085
378,Burkina Faso,2012,38.7841514647357
379,Burkina Faso,2013,33.2872002087149
380,Burkina Faso,2014,33.9690931656904
384,Burundi,1990,41.2488883301515
385,Burundi,1995,40.0095359047131
386,Burundi,2000,40.9557801196629
387,Burundi,2005,40.1478129857621
388,Burundi,2010,38.3811682528793
389,Burundi,2011,38.2361912138609
390,Burundi,2012,41.0113277588908
391,Burundi,2013,39.9710720374836
392,Burundi,2014,39.3875586351983
396,Cambodia,1990,29.4775966413203
397,Cambodia,1995,30.0668418953625
398,Cambodia,2000,29.9740341447947
399,Cambodia,2005,31.4089347654292
400,Cambodia,2010,31.3431363217476
401,Cambodia,2011,30.919623586085
402,Cambodia,2012,31.2837326129517
403,Cambodia,2013,30.336529570532
404,Cambodia,2014,28.5833662816226
408,Cameroon,1990,75.0066749022861
409,Cameroon,1995,72.5750130995431
410,Cameroon,2000,70.8294828226436
411,Cameroon,2005,63.453084420867
412,Cameroon,2010,59.2934031505085
413,Cameroon,2011,58.0769014769414
414,Cameroon,2012,62.776696996933
415,Cameroon,2013,58.186338147769
416,Cameroon,2014,56.7153055798615
420,Canada,1990,8.22586390838069
421,Canada,1995,8.10393059888351
422,Canada,2000,8.2809835638994
423,Canada,2005,8.49546913726218
424,Canada,2010,8.38445726234609
425,Canada,2011,8.62446106021405
426,Canada,2012,8.10741049508877
427,Canada,2013,7.79163612486354
428,Canada,2014,7.42841986407115
432,Cape Verde,1990,36.1387253276867
433,Cape Verde,1995,36.3646106945812
434,Cape Verde,2000,36.6281241632985
435,Cape Verde,2005,30.26240910452
436,Cape Verde,2010,27.5964406735222
437,Cape Verde,2011,31.6417781748099
438,Cape Verde,2012,32.9409930254958
439,Cape Verde,2013,32.0858434168133
440,Cape Verde,2014,31.6210811139822
444,Caribbean Small States,1990,22.5796530887424
445,Caribbean Small States,1995,22.6115758940537
446,Caribbean Small States,2000,22.7258501983583
447,Caribbean Small States,2005,23.0458472982862
448,Caribbean Small States,2010,22.8800435082164
449,Caribbean Small States,2011,23.6044496222166
450,Caribbean Small States,2012,22.1764999913285
451,Caribbean Small States,2013,21.456414441186
452,Caribbean Small States,2014,19.9665404854642
456,Central African Republic,1990,53.2871560899503
457,Central African Republic,1995,53.4042559118869
458,Central African Republic,2000,51.5721435267349
459,Central African Republic,2005,52.8966335089394
460,Central African Republic,2010,51.533319611598
461,Central African Republic,2011,51.2295313656511
462,Central African Republic,2012,53.3588338440954
463,Central African Republic,2013,50.874913683433
464,Central African Republic,2014,49.3563637631035
468,Central Europe and the Baltics,1990,24.8180460585383
469,Central Europe and the Baltics,1995,22.9158237522222
470,Central Europe and the Baltics,2000,21.5599051535744
471,Central Europe and the Baltics,2005,21.6090396645917
472,Central Europe and the Baltics,2010,21.9880286565377
473,Central Europe and the Baltics,2011,21.9098300385535
474,Central Europe and the Baltics,2012,20.2036248901265
475,Central Europe and the Baltics,2013,19.2253757798309
476,Central Europe and the Baltics,2014,18.6091962291898
480,Chad,1990,65.7209816005027
481,Chad,1995,68.9004989300415
482,Chad,2000,65.9716005596686
483,Chad,2005,58.2008919741597
484,Chad,2010,56.5866274921791
485,Chad,2011,55.1951595799551
486,Chad,2012,58.675388041128
487,Chad,2013,53.056406895385
488,Chad,2014,51.2471685070404
492,Chile,1990,24.6760565704822
493,Chile,1995,24.943241526591
494,Chile,2000,26.1685947683912
495,Chile,2005,25.5273169833417
496,Chile,2010,25.8922916949858
497,Chile,2011,27.2458670675305
498,Chile,2012,25.0471553039699
499,Chile,2013,23.9366936042629
500,Chile,2014,22.8682518073035
504,China,1990,57.7650066385472
505,China,1995,58.6601588038163
506,China,2000,60.7048393224178
507,China,2005,66.1745038879297
508,China,2010,69.4795704098502
509,China,2011,70.5420288260625
510,China,2012,63.8270168403804
511,China,2013,65.5145502176156
512,China,2014,59.767367508178
516,Colombia,1990,20.3835154068371
517,Colombia,1995,20.0132370260885
518,Colombia,2000,20.053419966933
519,Colombia,2005,21.2847753629773
520,Colombia,2010,21.4978454233525
521,Colombia,2011,21.3677787511874
522,Colombia,2012,20.5366362157463
523,Colombia,2013,19.2233480224231
524,Colombia,2014,18.3442052573323
528,Comoros,1990,21.7539912721864
529,Comoros,1995,21.0774230373692
530,Comoros,2000,21.5440557162257
531,Comoros,2005,21.2432064306257
532,Comoros,2010,20.6663578844449
533,Comoros,2011,21.0201604355961
534,Comoros,2012,21.2526292004144
535,Comoros,2013,21.047961835469
536,Comoros,2014,21.5020719890253
540,Congo,1990,46.687160730001
541,Congo,1995,42.6625650138873
542,Congo,2000,43.5987852102714
543,Congo,2005,42.6890518199943
544,Congo,2010,42.0090921086364
545,Congo,2011,44.1555934546283
546,Congo,2012,43.489987189081
547,Congo,2013,46.1266373227817
548,Congo,2014,45.8528162684726
552,Costa Rica,1990,18.3087643200652
553,Costa Rica,1995,18.5616402596707
554,Costa Rica,2000,19.4121020855013
555,Costa Rica,2005,19.6573072133395
556,Costa Rica,2010,19.2729527243907
557,Costa Rica,2011,19.7021329340499
558,Costa Rica,2012,19.335127675511
559,Costa Rica,2013,18.3415171125168
560,Costa Rica,2014,17.5436341138655
564,Cote d'Ivoire,1990,25.8732006371708
565,Cote d'Ivoire,1995,24.8516922381457
566,Cote d'Ivoire,2000,25.2634935105474
567,Cote d'Ivoire,2005,21.828811803797
568,Cote d'Ivoire,2010,21.6177050045333
569,Cote d'Ivoire,2011,22.5930725475998
570,Cote d'Ivoire,2012,22.4944044705046
571,Cote d'Ivoire,2013,21.305543161003
572,Cote d'Ivoire,2014,20.9001776437824
576,Croatia,1990,21.9386912894998
577,Croatia,1995,20.9250250022746
578,Croatia,2000,21.5123850232843
579,Croatia,2005,22.1226329623626
580,Croatia,2010,21.3347186441487
581,Croatia,2011,21.9660036876547
582,Croatia,2012,20.2024227984712
583,Croatia,2013,19.5869620124148
584,Croatia,2014,18.4331035166307
588,Cuba,1990,23.792351637822
589,Cuba,1995,24.2596517372967
590,Cuba,2000,24.1373678979693
591,Cuba,2005,24.0099193558136
592,Cuba,2010,23.9332977278498
593,Cuba,2011,24.7873196315851
594,Cuba,2012,23.239787139786
595,Cuba,2013,22.8507432819569
596,Cuba,2014,21.2962343289296
600,Cyprus,1990,20.9065766023037
601,Cyprus,1995,20.517221800891
602,Cyprus,2000,20.184993974631
603,Cyprus,2005,19.7180449032934
604,Cyprus,2010,20.0818659942818
605,Cyprus,2011,20.0909639911253
606,Cyprus,2012,19.2248432088374
607,Cyprus,2013,18.6845457352246
608,Cyprus,2014,18.2935273677138
612,Czechia,1990,24.4036181858368
613,Czechia,1995,22.1213318691699
614,Czechia,2000,20.4367067354614
615,Czechia,2005,19.9465925769154
616,Czechia,2010,20.6768704738304
617,Czechia,2011,20.0812466454923
618,Czechia,2012,18.7431760787781
619,Czechia,2013,17.996286996353
620,Czechia,2014,17.3912154857519
624,Democratic Republic of Congo,1990,43.2331345035832
625,Democratic Republic of Congo,1995,43.4830348273219
626,Democratic Republic of Congo,2000,44.7617445693486
627,Democratic Republic of Congo,2005,42.0434387166272
628,Democratic Republic of Congo,2010,41.3980393308066
629,Democratic Republic of Congo,2011,41.4932879518651
630,Democratic Republic of Congo,2012,43.0367715681656
631,Democratic Republic of Congo,2013,44.4957609524039
632,Democratic Republic of Congo,2014,42.5494471010008
636,Denmark,1990,13.2549303861478
637,Denmark,1995,12.6675474687608
638,Denmark,2000,12.4169394174272
639,Denmark,2005,12.0784280072651
640,Denmark,2010,11.9291481716307
641,Denmark,2011,12.6623313832271
642,Denmark,2012,11.1155250054339
643,Denmark,2013,10.8202788440922
644,Denmark,2014,11.0667045307585
648,Djibouti,1990,40.8771655864443
649,Djibouti,1995,41.2240135446531
650,Djibouti,2000,40.9801085585051
651,Djibouti,2005,39.1729406755983
652,Djibouti,2010,38.2408692688594
653,Djibouti,2011,40.4418354600315
654,Djibouti,2012,39.9428207904797
655,Djibouti,2013,40.103773025949
656,Djibouti,2014,41.2597275378737
660,Dominica,1990,23.3414291146345
661,Dominica,1995,22.8656501699093
662,Dominica,2000,22.9554165023243
663,Dominica,2005,23.5628359694142
664,Dominica,2010,23.7407461881154
665,Dominica,2011,24.2761229836168
666,Dominica,2012,22.2157992533518
667,Dominica,2013,22.1510682746978
668,Dominica,2014,21.0103074675552
672,Dominican Republic,1990,15.4440736558284
673,Dominican Republic,1995,15.7391400637301
674,Dominican Republic,2000,16.4531496034784
675,Dominican Republic,2005,16.5854453705487
676,Dominican Republic,2010,16.8744654587147
677,Dominican Republic,2011,17.2997798585331
678,Dominican Republic,2012,16.1528399096455
679,Dominican Republic,2013,15.3969506332624
680,Dominican Republic,2014,14.1880736961777
684,Early-demographic dividend,1990,56.5532699848188
685,Early-demographic dividend,1995,57.2689888405493
686,Early-demographic dividend,2000,58.1541307873259
687,Early-demographic dividend,2005,61.3275831392474
688,Early-demographic dividend,2010,64.2886859482043
689,Early-demographic dividend,2011,64.855905189637
690,Early-demographic dividend,2012,60.3799907505824
691,Early-demographic dividend,2013,61.400951079206
692,Early-demographic dividend,2014,60.0027352441884
696,East Asia & Pacific,1990,44.9163041977524
697,East Asia & Pacific,1995,45.4439496489349
698,East Asia & Pacific,2000,46.5854567194078
699,East Asia & Pacific,2005,50.1450312384762
700,East Asia & Pacific,2010,51.9120112931821
701,East Asia & Pacific,2011,52.4169372449185
702,East Asia & Pacific,2012,48.0567399263455
703,East Asia & Pacific,2013,48.8271898429596
704,East Asia & Pacific,2014,44.8494253304534
708,East Asia & Pacific (IDA & IBRD),1990,48.5420317969965
709,East Asia & Pacific (IDA & IBRD),1995,49.0178732883801
710,East Asia & Pacific (IDA & IBRD),2000,50.1837254855859
711,East Asia & Pacific (IDA & IBRD),2005,54.0935409798335
712,East Asia & Pacific (IDA & IBRD),2010,56.0548307641235
713,East Asia & Pacific (IDA & IBRD),2011,56.6065550173816
714,East Asia & Pacific (IDA & IBRD),2012,51.8333727296013
715,East Asia & Pacific (IDA & IBRD),2013,52.6341786934759
716,East Asia & Pacific (IDA & IBRD),2014,48.2831328565481
720,East Asia & Pacific (excluding high income),1990,48.4134208294555
721,East Asia & Pacific (excluding high income),1995,48.8810761318715
722,East Asia & Pacific (excluding high income),2000,50.0308624410208
723,East Asia & Pacific (excluding high income),2005,53.9031462348215
724,East Asia & Pacific (excluding high income),2010,55.8449758739428
725,East Asia & Pacific (excluding high income),2011,56.3846676805336
726,East Asia & Pacific (excluding high income),2012,51.6405016245103
727,East Asia & Pacific (excluding high income),2013,52.4407722408722
728,East Asia & Pacific (excluding high income),2014,48.1206600509549
732,Ecuador,1990,18.4244336396899
733,Ecuador,1995,18.485009249894
734,Ecuador,2000,18.7002650125971
735,Ecuador,2005,19.9146689169184
736,Ecuador,2010,19.9791881235595
737,Ecuador,2011,19.3219949957209
738,Ecuador,2012,19.5577104818053
739,Ecuador,2013,18.1186093049907
740,Ecuador,2014,16.2341875136812
744,Egypt,1990,75.4752657772229
745,Egypt,1995,72.3383602430186
746,Egypt,2000,73.2643195363621
747,Egypt,2005,74.0384410363318
748,Egypt,2010,77.4466188482818
749,Egypt,2011,70.7863563763293
750,Egypt,2012,72.7905686134078
751,Egypt,2013,76.2136535433823
752,Egypt,2014,76.5596012593709
756,El Salvador,1990,31.1262139570985
757,El Salvador,1995,31.8195901531707
758,El Salvador,2000,31.8525956008487
759,El Salvador,2005,31.9728668202769
760,El Salvador,2010,30.4619413548253
761,El Salvador,2011,33.6282651306406
762,El Salvador,2012,30.9339743457478
763,El Salvador,2013,30.7598815703268
764,El Salvador,2014,27.5025908405296
768,Equatorial Guinea,1990,51.3694975035614
769,Equatorial Guinea,1995,52.1008072248213
770,Equatorial Guinea,2000,51.7396707873355
771,Equatorial Guinea,2005,45.5839530368
772,Equatorial Guinea,2010,46.186486547699
773,Equatorial Guinea,2011,46.8525876680425
774,Equatorial Guinea,2012,45.2323724738249
775,Equatorial Guinea,2013,43.625793221705
776,Equatorial Guinea,2014,44.3017996941434
780,Eritrea,1990,46.9213334012813
781,Eritrea,1995,46.3436351041899
782,Eritrea,2000,46.3729299444456
783,Eritrea,2005,47.1102645282974
784,Eritrea,2010,45.2271385958449
785,Eritrea,2011,45.257446747847
786,Eritrea,2012,46.1338464531175
787,Eritrea,2013,47.6278159610427
788,Eritrea,2014,44.3749462939633
792,Estonia,1990,9.0519272829163
793,Estonia,1995,8.5780459145538
794,Estonia,2000,8.22738672799016
795,Estonia,2005,8.45724267332212
796,Estonia,2010,8.51984876265417
797,Estonia,2011,8.4425589185044
798,Estonia,2012,7.81069865135747
799,Estonia,2013,7.48281357819371
800,Estonia,2014,7.70555257158518
804,Eswatini,1990,18.8321811069476
805,Eswatini,1995,18.4068689995229
806,Eswatini,2000,18.6685513132833
807,Eswatini,2005,18.3048843980965
808,Eswatini,2010,18.1281926834935
809,Eswatini,2011,17.9733121326266
810,Eswatini,2012,18.1823312998783
811,Eswatini,2013,18.3078084897259
812,Eswatini,2014,17.9787773888163
816,Ethiopia,1990,35.8007493213772
817,Ethiopia,1995,35.8358049306162
818,Ethiopia,2000,35.533966751733
819,Ethiopia,2005,34.3510075789008
820,Ethiopia,2010,35.6341454113469
821,Ethiopia,2011,36.3179419484047
822,Ethiopia,2012,35.9738421341538
823,Ethiopia,2013,35.8842053645556
824,Ethiopia,2014,35.0435974528957
828,Euro area,1990,16.7842579414514
829,Euro area,1995,15.8645623629417
830,Euro area,2000,15.3421712885175
831,Euro area,2005,15.1318015271031
832,Euro area,2010,15.1874175755081
833,Euro area,2011,15.3663862272365
834,Euro area,2012,14.1575008279818
835,Euro area,2013,13.7881416691722
836,Euro area,2014,13.2245570271848
840,Europe & Central Asia,1990,21.92863828795
841,Europe & Central Asia,1995,20.8672735459928
842,Europe & Central Asia,2000,20.3356480140871
843,Europe & Central Asia,2005,20.1542647030271
844,Europe & Central Asia,2010,20.5837573613784
845,Europe & Central Asia,2011,20.5756030764578
846,Europe & Central Asia,2012,19.5009269986046
847,Europe & Central Asia,2013,19.0803667598008
848,Europe & Central Asia,2014,18.3918324402225
852,Europe & Central Asia (IDA & IBRD),1990,27.4103019369783
853,Europe & Central Asia (IDA & IBRD),1995,26.2104344127921
854,Europe & Central Asia (IDA & IBRD),2000,25.738610837254
855,Europe & Central Asia (IDA & IBRD),2005,25.6916694353491
856,Europe & Central Asia (IDA & IBRD),2010,26.6116457963752
857,Europe & Central Asia (IDA & IBRD),2011,26.3438469229908
858,Europe & Central Asia (IDA & IBRD),2012,25.3731318013164
859,Europe & Central Asia (IDA & IBRD),2013,24.8735368149464
860,Europe & Central Asia (IDA & IBRD),2014,24.0567932583299
864,Europe & Central Asia (excluding high income),1990,27.2007524760223
865,Europe & Central Asia (excluding high income),1995,26.1062641873689
866,Europe & Central Asia (excluding high income),2000,25.7788445556156
867,Europe & Central Asia (excluding high income),2005,25.6861451839069
868,Europe & Central Asia (excluding high income),2010,26.6146182815413
869,Europe & Central Asia (excluding high income),2011,26.3881331567612
870,Europe & Central Asia (excluding high income),2012,25.5335381008449
871,Europe & Central Asia (excluding high income),2013,25.1127898570077
872,Europe & Central Asia (excluding high income),2014,24.2884637193589
876,European Union,1990,18.5661706475448
877,European Union,1995,17.3838925747094
878,European Union,2000,16.6412692052049
879,European Union,2005,16.4188336519601
880,European Union,2010,16.5022137955226
881,European Union,2011,16.6312085334446
882,European Union,2012,15.3100914874165
883,European Union,2013,14.7992795328042
884,European Union,2014,14.2500361017437
888,Fiji,1990,13.066792326412
889,Fiji,1995,12.9557802104001
890,Fiji,2000,13.1384536345796
891,Fiji,2005,12.9024954705197
892,Fiji,2010,13.533813461744
893,Fiji,2011,13.8364614155732
894,Fiji,2012,12.8520532804267
895,Fiji,2013,12.1446176115208
896,Fiji,2014,11.922892832693
900,Finland,1990,7.41271823125064
901,Finland,1995,7.23285160437229
902,Finland,2000,7.0938787105012
903,Finland,2005,7.14245443556661
904,Finland,2010,7.19033139641798
905,Finland,2011,7.2836997083722
906,Finland,2012,6.60113358101104
907,Finland,2013,6.27868919797288
908,Finland,2014,6.46863986777595
912,Fragile and conflict affected situations,1990,49.0585881452077
913,Fragile and conflict affected situations,1995,48.4634385968245
914,Fragile and conflict affected situations,2000,48.0403064421117
915,Fragile and conflict affected situations,2005,45.5823450660411
916,Fragile and conflict affected situations,2010,44.2518414733876
917,Fragile and conflict affected situations,2011,44.2851114745129
918,Fragile and conflict affected situations,2012,45.5739194967248
919,Fragile and conflict affected situations,2013,43.3679130163095
920,Fragile and conflict affected situations,2014,41.9490529830069
924,France,1990,15.8496672510963
925,France,1995,15.2735032134036
926,France,2000,14.7230179488876
927,France,2005,14.7045060926341
928,France,2010,14.845621265224
929,France,2011,14.8780192641266
930,France,2012,13.8347537060109
931,France,2013,13.594308697458
932,France,2014,12.2897030738557
936,Gabon,1990,42.9152148056996
937,Gabon,1995,42.8473210603213
938,Gabon,2000,42.5891711549607
939,Gabon,2005,39.9783531174426
940,Gabon,2010,40.2775785598294
941,Gabon,2011,41.130283746481
942,Gabon,2012,40.8140906044353
943,Gabon,2013,40.7256625207587
944,Gabon,2014,41.3195696865853
948,Gambia,1990,35.293822715828
949,Gambia,1995,34.7763807673527
950,Gambia,2000,34.6008804779868
951,Gambia,2005,30.2836689642418
952,Gambia,2010,30.2012634082663
953,Gambia,2011,29.2649222274802
954,Gambia,2012,30.7290647814231
955,Gambia,2013,29.8046727294135
956,Gambia,2014,30.6218953906045
960,Georgia,1990,26.5264859225456
961,Georgia,1995,25.2730703934332
962,Georgia,2000,25.2738010285681
963,Georgia,2005,25.6272840228898
964,Georgia,2010,26.1012377277651
965,Georgia,2011,26.7836033193883
966,Georgia,2012,25.0028492847035
967,Georgia,2013,23.9102035299856
968,Georgia,2014,22.9667074181246
972,Germany,1990,17.0165236362218
973,Germany,1995,15.6253702231789
974,Germany,2000,14.9039348791091
975,Germany,2005,14.5352084430106
976,Germany,2010,15.1894949596923
977,Germany,2011,14.6642284358983
978,Germany,2012,13.5776422635013
979,Germany,2013,13.1919194625204
980,Germany,2014,12.751220573963
984,Ghana,1990,35.5949792165163
985,Ghana,1995,34.7596546503381
986,Ghana,2000,35.0372225856488
987,Ghana,2005,26.8066724210258
988,Ghana,2010,27.3682835909304
989,Ghana,2011,28.2116989719105
990,Ghana,2012,28.8974272304497
991,Ghana,2013,27.8153400599867
992,Ghana,2014,25.8895232969885
996,Greece,1990,20.6429700693446
997,Greece,1995,19.8282737509279
998,Greece,2000,19.9186079613852
999,Greece,2005,19.3081036902027
1000,Greece,2010,19.061088137852
1001,Greece,2011,20.0015412410565
1002,Greece,2012,18.4207688970153
1003,Greece,2013,17.7794162811948
1004,Greece,2014,17.3650418530673
1008,Greenland,1990,15.0768506431035
1009,Greenland,1995,15.1575193889529
1010,Greenland,2000,13.9570631293328
1011,Greenland,2005,13.7689334882075
1012,Greenland,2010,13.9223239474749
1013,Greenland,2011,14.0966054370386
1014,Greenland,2012,13.406690246438
1015,Greenland,2013,12.7579675590739
1016,Greenland,2014,12.5105477253304
1020,Grenada,1990,27.7330572265924
1021,Grenada,1995,27.7343071629365
1022,Grenada,2000,27.4829002570838
1023,Grenada,2005,27.7771550291128
1024,Grenada,2010,27.4729078141605
1025,Grenada,2011,28.1395152098183
1026,Grenada,2012,26.4689184290542
1027,Grenada,2013,25.8473081378986
1028,Grenada,2014,24.287031132336
1032,Guam,1990,11.8160095581878
1033,Guam,1995,11.8129179032199
1034,Guam,2000,14.3141619171415
1035,Guam,2005,13.8085430931305
1036,Guam,2010,13.8883404919368
1037,Guam,2011,14.1035328975875
1038,Guam,2012,13.2423017791352
1039,Guam,2013,12.7887946066926
1040,Guam,2014,12.0225528939284
1044,Guatemala,1990,29.5133191906085
1045,Guatemala,1995,30.1683529344368
1046,Guatemala,2000,31.0617274697009
1047,Guatemala,2005,31.4646524989341
1048,Guatemala,2010,29.9825902496593
1049,Guatemala,2011,31.727331220151
1050,Guatemala,2012,29.886258891543
1051,Guatemala,2013,30.0568240166434
1052,Guatemala,2014,26.5278554240981
1056,Guinea,1990,24.6933728271794
1057,Guinea,1995,24.1814328903348
1058,Guinea,2000,24.0348745720142
1059,Guinea,2005,22.4451258169579
1060,Guinea,2010,21.9710278607043
1061,Guinea,2011,22.4453593401815
1062,Guinea,2012,22.98996508616
1063,Guinea,2013,21.2585614517221
1064,Guinea,2014,21.1966727514916
1068,Guinea-Bissau,1990,30.5891936920497
1069,Guinea-Bissau,1995,30.4704186828111
1070,Guinea-Bissau,2000,30.456884559574
1071,Guinea-Bissau,2005,26.8405702212071
1072,Guinea-Bissau,2010,26.8363595729313
1073,Guinea-Bissau,2011,27.3894399495695
1074,Guinea-Bissau,2012,27.0902178006452
1075,Guinea-Bissau,2013,26.5242072767871
1076,Guinea-Bissau,2014,26.9409597752744
1080,Guyana,1990,24.9462622146989
1081,Guyana,1995,24.4340416066816
1082,Guyana,2000,27.3909538414192
1083,Guyana,2005,27.7778107411254
1084,Guyana,2010,27.3118647442014
1085,Guyana,2011,27.9294246551219
1086,Guyana,2012,26.9012994219331
1087,Guyana,2013,24.8555025747394
1088,Guyana,2014,23.6482656909423
1092,Haiti,1990,17.3037233061287
1093,Haiti,1995,18.2629393782024
1094,Haiti,2000,17.7797899894644
1095,Haiti,2005,17.4617720846782
1096,Haiti,2010,17.7952414023104
1097,Haiti,2011,18.7579170327382
1098,Haiti,2012,17.4802448836708
1099,Haiti,2013,16.7670112301548
1100,Haiti,2014,16.2622245622879
1104,Heavily indebted poor countries (HIPC),1990,39.8321900493017
1105,Heavily indebted poor countries (HIPC),1995,39.8585239265216
1106,Heavily indebted poor countries (HIPC),2000,39.6552395108795
1107,Heavily indebted poor countries (HIPC),2005,37.753044777744
1108,Heavily indebted poor countries (HIPC),2010,37.1940270980046
1109,Heavily indebted poor countries (HIPC),2011,37.9208831917714
1110,Heavily indebted poor countries (HIPC),2012,38.5123860902748
1111,Heavily indebted poor countries (HIPC),2013,37.2289729633981
1112,Heavily indebted poor countries (HIPC),2014,36.4247407504538
1116,High income,1990,16.6427500741111
1117,High income,1995,16.2285925023731
1118,High income,2000,16.2096014695063
1119,High income,2005,16.3257215131541
1120,High income,2010,16.677381676819
1121,High income,2011,16.9673412407005
1122,High income,2012,16.0877502540211
1123,High income,2013,15.8877281785193
1124,High income,2014,14.9938068290387
1128,Honduras,1990,27.1125722370902
1129,Honduras,1995,27.8080258069059
1130,Honduras,2000,27.5716252617668
1131,Honduras,2005,28.0795514611847
1132,Honduras,2010,26.8829524189731
1133,Honduras,2011,28.9007471613905
1134,Honduras,2012,27.4471493529279
1135,Honduras,2013,27.684136114994
1136,Honduras,2014,23.1615400770342
1140,Hungary,1990,21.839861406381
1141,Hungary,1995,20.0174457742532
1142,Hungary,2000,18.9818496479973
1143,Hungary,2005,19.4665517060955
1144,Hungary,2010,19.1355243848885
1145,Hungary,2011,19.3606900014513
1146,Hungary,2012,17.5299600815167
1147,Hungary,2013,17.2318311975083
1148,Hungary,2014,16.315327931299
1152,IBRD only,1990,50.7645413323325
1153,IBRD only,1995,51.5061047263844
1154,IBRD only,2000,52.9012029126074
1155,IBRD only,2005,56.6389339702556
1156,IBRD only,2010,59.4871449003679
1157,IBRD only,2011,60.1219024838284
1158,IBRD only,2012,55.2719665651558
1159,IBRD only,2013,56.6122101670752
1160,IBRD only,2014,53.8964372454809
1164,IDA & IBRD total,1990,50.4870040724857
1165,IDA & IBRD total,1995,51.0229674421332
1166,IDA & IBRD total,2000,52.0252117336606
1167,IDA & IBRD total,2005,54.7062556966263
1168,IDA & IBRD total,2010,56.7273371961684
1169,IDA & IBRD total,2011,57.2362405592826
1170,IDA & IBRD total,2012,53.4989322964892
1171,IDA & IBRD total,2013,53.9750186429186
1172,IDA & IBRD total,2014,51.7277474590823
1176,IDA blend,1990,57.9259393646297
1177,IDA blend,1995,56.9823120197778
1178,IDA blend,2000,56.3849570004334
1179,IDA blend,2005,54.3506192437677
1180,IDA blend,2010,53.7071642003563
1181,IDA blend,2011,53.4794803871759
1182,IDA blend,2012,52.9739448271473
1183,IDA blend,2013,49.9210248075834
1184,IDA blend,2014,48.7376034343739
1188,IDA only,1990,44.9977720409654
1189,IDA only,1995,45.1736667594857
1190,IDA only,2000,44.956881136507
1191,IDA only,2005,44.821552921917
1192,IDA only,2010,44.7822692586018
1193,IDA only,2011,45.2225995846871
1194,IDA only,2012,45.3213831793458
1195,IDA only,2013,43.6143943821654
1196,IDA only,2014,43.1587756186412
1200,IDA total,1990,49.3278752454625
1201,IDA total,1995,49.1209186024383
1202,IDA total,2000,48.7806092613845
1203,IDA total,2005,47.9994581790727
1204,IDA total,2010,47.7672448527867
1205,IDA total,2011,47.9881722872995
1206,IDA total,2012,47.8871877626938
1207,IDA total,2013,45.7311470274656
1208,IDA total,2014,45.0330590525678
1212,Iceland,1990,8.43009125773387
1213,Iceland,1995,8.17157882524627
1214,Iceland,2000,7.95455832075348
1215,Iceland,2005,7.8429464103411
1216,Iceland,2010,7.85653666706755
1217,Iceland,2011,8.0988848456403
1218,Iceland,2012,7.33692926005276
1219,Iceland,2013,7.17120703542061
1220,Iceland,2014,6.94889664637566
1224,India,1990,81.290630626305
1225,India,1995,82.7713018672906
1226,India,2000,84.1648061762591
1227,India,2005,90.3264588038878
1228,India,2010,95.7581794451966
1229,India,2011,97.5993786273197
1230,India,2012,88.1694405971172
1231,India,2013,91.8047916056206
1232,India,2014,89.6223826850868
1236,Indonesia,1990,18.0528110079028
1237,Indonesia,1995,18.1647657361684
1238,Indonesia,2000,17.8773899840226
1239,Indonesia,2005,18.9266374508442
1240,Indonesia,2010,18.1692803289804
1241,Indonesia,2011,18.0496511685651
1242,Indonesia,2012,18.1701695058796
1243,Indonesia,2013,16.8791813214317
1244,Indonesia,2014,16.4546318303932
1248,Iran,1990,38.0717391330874
1249,Iran,1995,37.7277630098661
1250,Iran,2000,38.4177773559272
1251,Iran,2005,37.6277638439565
1252,Iran,2010,38.6515017920261
1253,Iran,2011,38.0496892011374
1254,Iran,2012,38.5420524379153
1255,Iran,2013,38.1010920618742
1256,Iran,2014,38.1094930586652
1260,Iraq,1990,63.7165718350922
1261,Iraq,1995,63.2649198664709
1262,Iraq,2000,62.4579571789036
1263,Iraq,2005,62.8517891953523
1264,Iraq,2010,68.7114048185087
1265,Iraq,2011,66.3626097948354
1266,Iraq,2012,66.8420768713961
1267,Iraq,2013,63.8026959133754
1268,Iraq,2014,56.5670302701699
1272,Ireland,1990,10.4050269154925
1273,Ireland,1995,10.1492604646833
1274,Ireland,2000,10.137776159398
1275,Ireland,2005,9.92222836284042
1276,Ireland,2010,9.97637508688145
1277,Ireland,2011,10.2850793794786
1278,Ireland,2012,9.5226919934039
1279,Ireland,2013,9.36015363539288
1280,Ireland,2014,8.75052153295896
1284,Israel,1990,24.8105273227812
1285,Israel,1995,24.3173073913957
1286,Israel,2000,24.5036241102841
1287,Israel,2005,22.9827939354892
1288,Israel,2010,24.019237718274
1289,Israel,2011,23.9046867298164
1290,Israel,2012,23.0388490417398
1291,Israel,2013,22.9463302247926
1292,Israel,2014,22.059146877031
1296,Italy,1990,21.3197295060788
1297,Italy,1995,20.2700682913512
1298,Italy,2000,19.77733480997
1299,Italy,2005,19.6008776619832
1300,Italy,2010,19.0252306536638
1301,Italy,2011,19.9942667134105
1302,Italy,2012,18.1052474138721
1303,Italy,2013,17.7577224420873
1304,Italy,2014,17.7692708430857
1308,Jamaica,1990,15.9538645182646
1309,Jamaica,1995,15.9190526536019
1310,Jamaica,2000,15.8938163234463
1311,Jamaica,2005,16.0096313259331
1312,Jamaica,2010,16.0917149782122
1313,Jamaica,2011,16.5424989128284
1314,Jamaica,2012,15.460470971142
1315,Jamaica,2013,14.9313997463287
1316,Jamaica,2014,14.0743316940445
1320,Japan,1990,14.4163595545083
1321,Japan,1995,14.3125242823995
1322,Japan,2000,14.2096257576469
1323,Japan,2005,14.3486664522368
1324,Japan,2010,14.1423382395691
1325,Japan,2011,14.1410310457415
1326,Japan,2012,13.1288723322631
1327,Japan,2013,13.3625583290009
1328,Japan,2014,12.5866169217069
1332,Jordan,1990,35.3431170736834
1333,Jordan,1995,34.6058597586584
1334,Jordan,2000,33.5114447425311
1335,Jordan,2005,32.482838402443
1336,Jordan,2010,33.5505663630939
1337,Jordan,2011,33.0172614819677
1338,Jordan,2012,33.016935240002
1339,Jordan,2013,33.4176107170105
1340,Jordan,2014,33.2054205808405
1344,Kazakhstan,1990,16.8702518894605
1345,Kazakhstan,1995,15.7326883682668
1346,Kazakhstan,2000,15.9447646874067
1347,Kazakhstan,2005,15.618640656195
1348,Kazakhstan,2010,15.9144931905728
1349,Kazakhstan,2011,15.2438354580009
1350,Kazakhstan,2012,14.4810376792648
1351,Kazakhstan,2013,14.5985643001037
1352,Kazakhstan,2014,13.7497535098887
1356,Kenya,1990,28.5475520866466
1357,Kenya,1995,28.5207777777876
1358,Kenya,2000,28.3854987141169
1359,Kenya,2005,27.4772988352346
1360,Kenya,2010,28.1547708424733
1361,Kenya,2011,28.6628846564177
1362,Kenya,2012,29.3722798810718
1363,Kenya,2013,28.935345281859
1364,Kenya,2014,28.9493501305453
1368,Kiribati,1990,13.1150909094946
1369,Kiribati,1995,13.4280201562619
1370,Kiribati,2000,13.5219648167498
1371,Kiribati,2005,13.3455889168026
1372,Kiribati,2010,13.1750407887055
1373,Kiribati,2011,13.3581546281934
1374,Kiribati,2012,12.5942317471521
1375,Kiribati,2013,12.3252975115718
1376,Kiribati,2014,11.393742324751
1380,Kuwait,1990,60.5558484293573
1381,Kuwait,1995,60.0572982008836
1382,Kuwait,2000,61.4819941263873
1383,Kuwait,2005,59.6739873840645
1384,Kuwait,2010,62.7439809366868
1385,Kuwait,2011,62.8254067689188
1386,Kuwait,2012,64.0709110320823
1387,Kuwait,2013,62.6113089500655
1388,Kuwait,2014,55.6239042186464
1392,Kyrgyzstan,1990,26.1565983395027
1393,Kyrgyzstan,1995,25.4357582478275
1394,Kyrgyzstan,2000,27.0802196511235
1395,Kyrgyzstan,2005,26.7774419734992
1396,Kyrgyzstan,2010,27.2653861665233
1397,Kyrgyzstan,2011,27.5176020670984
1398,Kyrgyzstan,2012,25.4898325225044
1399,Kyrgyzstan,2013,25.4403553355173
1400,Kyrgyzstan,2014,23.2981915317797
1404,Laos,1990,26.5362993009824
1405,Laos,1995,27.095159084513
1406,Laos,2000,27.5450676416411
1407,Laos,2005,30.1702103324008
1408,Laos,2010,31.7319957677006
1409,Laos,2011,29.66966026439
1410,Laos,2012,30.2974181215728
1411,Laos,2013,30.2594893800224
1412,Laos,2014,28.3901717699066
1416,Late-demographic dividend,1990,44.7667113680986
1417,Late-demographic dividend,1995,45.2096999603952
1418,Late-demographic dividend,2000,46.500402833328
1419,Late-demographic dividend,2005,49.9757154652509
1420,Late-demographic dividend,2010,52.0774691702157
1421,Late-demographic dividend,2011,52.6627740815642
1422,Late-demographic dividend,2012,48.1710253053696
1423,Late-demographic dividend,2013,48.9912591040597
1424,Late-demographic dividend,2014,45.0310462865624
1428,Latin America & Caribbean,1990,19.6086735251348
1429,Latin America & Caribbean,1995,19.9836057958525
1430,Latin America & Caribbean,2000,20.8045920324475
1431,Latin America & Caribbean,2005,21.0696617389573
1432,Latin America & Caribbean,2010,21.0536640376897
1433,Latin America & Caribbean,2011,21.5091000006247
1434,Latin America & Caribbean,2012,20.44059804002
1435,Latin America & Caribbean,2013,19.769877136249
1436,Latin America & Caribbean,2014,18.3917875488751
1440,Latin America & Caribbean (IDA & IBRD),1990,19.5951856692804
1441,Latin America & Caribbean (IDA & IBRD),1995,19.9733163532792
1442,Latin America & Caribbean (IDA & IBRD),2000,20.8066835461503
1443,Latin America & Caribbean (IDA & IBRD),2005,21.0817204522866
1444,Latin America & Caribbean (IDA & IBRD),2010,21.0646133044833
1445,Latin America & Caribbean (IDA & IBRD),2011,21.5125324997479
1446,Latin America & Caribbean (IDA & IBRD),2012,20.4501739648922
1447,Latin America & Caribbean (IDA & IBRD),2013,19.7704908340047
1448,Latin America & Caribbean (IDA & IBRD),2014,18.389870389701
1452,Latin America & Caribbean (excluding high income),1990,19.4854348191201
1453,Latin America & Caribbean (excluding high income),1995,19.891819366556
1454,Latin America & Caribbean (excluding high income),2000,20.7144423804907
1455,Latin America & Caribbean (excluding high income),2005,20.982015792477
1456,Latin America & Caribbean (excluding high income),2010,20.9817468633342
1457,Latin America & Caribbean (excluding high income),2011,21.4117405831494
1458,Latin America & Caribbean (excluding high income),2012,20.3610493242565
1459,Latin America & Caribbean (excluding high income),2013,19.7042888245623
1460,Latin America & Caribbean (excluding high income),2014,18.3034294190075
1464,Latvia,1990,19.023419129062
1465,Latvia,1995,17.3186310509184
1466,Latvia,2000,16.7199663818264
1467,Latvia,2005,16.8558945261489
1468,Latvia,2010,17.1150645142459
1469,Latvia,2011,16.5726762974112
1470,Latvia,2012,15.5985597314542
1471,Latvia,2013,14.8843081927737
1472,Latvia,2014,14.8790851015574
1476,Least developed countries: UN classification,1990,45.9778217692642
1477,Least developed countries: UN classification,1995,46.23898265675
1478,Least developed countries: UN classification,2000,46.0501035515824
1479,Least developed countries: UN classification,2005,46.2117426477636
1480,Least developed countries: UN classification,2010,46.0295638117454
1481,Least developed countries: UN classification,2011,46.4098220173819
1482,Least developed countries: UN classification,2012,46.573884751818
1483,Least developed countries: UN classification,2013,44.7931946993411
1484,Least developed countries: UN classification,2014,44.4215140068577
1488,Lebanon,1990,30.3422040621421
1489,Lebanon,1995,29.8450931608832
1490,Lebanon,2000,30.6142069307194
1491,Lebanon,2005,30.0247683751383
1492,Lebanon,2010,30.8921251256718
1493,Lebanon,2011,30.0691074674322
1494,Lebanon,2012,30.1080518825115
1495,Lebanon,2013,30.5880976678273
1496,Lebanon,2014,30.4445669154066
1500,Lesotho,1990,30.7037435160257
1501,Lesotho,1995,31.6610337226518
1502,Lesotho,2000,31.4901467611507
1503,Lesotho,2005,30.0989229956768
1504,Lesotho,2010,32.2405976222859
1505,Lesotho,2011,31.354741200959
1506,Lesotho,2012,31.2132430668143
1507,Lesotho,2013,32.1486978248978
1508,Lesotho,2014,33.0801026085265
1512,Liberia,1990,17.1234290343531
1513,Liberia,1995,17.1761946347467
1514,Liberia,2000,17.2531433089766
1515,Liberia,2005,16.0244057909755
1516,Liberia,2010,15.2491969118082
1517,Liberia,2011,16.1470515146786
1518,Liberia,2012,16.2882074675395
1519,Liberia,2013,15.3828573189857
1520,Liberia,2014,14.9422707148045
1524,Libya,1990,45.0634869156149
1525,Libya,1995,46.7110423892842
1526,Libya,2000,46.2551737325278
1527,Libya,2005,47.1261882850753
1528,Libya,2010,50.1472294975012
1529,Libya,2011,44.6317339618723
1530,Libya,2012,44.9113634964278
1531,Libya,2013,49.2794823011025
1532,Libya,2014,47.5012339070023
1536,Lithuania,1990,16.3981016312604
1537,Lithuania,1995,15.0007605813216
1538,Lithuania,2000,14.4281322996236
1539,Lithuania,2005,14.4620708757955
1540,Lithuania,2010,14.9710649600468
1541,Lithuania,2011,14.5096827826087
1542,Lithuania,2012,13.7845246764453
1543,Lithuania,2013,12.9811920279357
1544,Lithuania,2014,12.8451942490357
1548,Low & middle income,1990,50.8192670102022
1549,Low & middle income,1995,51.3694394505415
1550,Low & middle income,2000,52.3756809223963
1551,Low & middle income,2005,55.0681163615282
1552,Low & middle income,2010,57.0949037148357
1553,Low & middle income,2011,57.6048122278224
1554,Low & middle income,2012,53.8441827605968
1555,Low & middle income,2013,54.3417291558773
1556,Low & middle income,2014,52.0760747350727
1560,Low income,1990,42.2225867369602
1561,Low income,1995,42.5318764838109
1562,Low income,2000,42.0806154834372
1563,Low income,2005,40.4874807164892
1564,Low income,2010,40.1975420269518
1565,Low income,2011,41.121670765637
1566,Low income,2012,41.4476668649147
1567,Low income,2013,40.4066944036559
1568,Low income,2014,39.384253073141
1572,Lower middle income,1990,59.0423886387393
1573,Lower middle income,1995,59.5121679132826
1574,Lower middle income,2000,60.2585661125931
1575,Lower middle income,2005,63.1344807144923
1576,Lower middle income,2010,65.5545885449297
1577,Lower middle income,2011,65.9817278638918
1578,Lower middle income,2012,61.7670585835218
1579,Lower middle income,2013,62.3940076344278
1580,Lower middle income,2014,61.1141203457474
1584,Luxembourg,1990,13.6944621422709
1585,Luxembourg,1995,12.947625756762
1586,Luxembourg,2000,12.5695663507563
1587,Luxembourg,2005,12.3555351878751
1588,Luxembourg,2010,12.958783690599
1589,Luxembourg,2011,12.6859956830904
1590,Luxembourg,2012,11.775576091494
1591,Luxembourg,2013,11.6053841041329
1592,Luxembourg,2014,10.8576133871579
1596,Madagascar,1990,22.2735600700963
1597,Madagascar,1995,22.2949482139091
1598,Madagascar,2000,21.8724009014846
1599,Madagascar,2005,23.2940628098694
1600,Madagascar,2010,22.6620105333929
1601,Madagascar,2011,23.3628596300298
1602,Madagascar,2012,22.7164252696355
1603,Madagascar,2013,23.9091617576006
1604,Madagascar,2014,23.5177666594104
1608,Malawi,1990,26.4690293625451
1609,Malawi,1995,26.3895054532159
1610,Malawi,2000,26.142085677818
1611,Malawi,2005,25.6274060210907
1612,Malawi,2010,25.6961984013482
1613,Malawi,2011,25.1650089099494
1614,Malawi,2012,25.7384015112371
1615,Malawi,2013,24.6834787826944
1616,Malawi,2014,25.1982288421354
1620,Malaysia,1990,17.2944493749232
1621,Malaysia,1995,17.6825317813814
1622,Malaysia,2000,18.0761694613831
1623,Malaysia,2005,19.3778110145378
1624,Malaysia,2010,18.5937530586628
1625,Malaysia,2011,19.2026086891022
1626,Malaysia,2012,19.1822224966315
1627,Malaysia,2013,17.5544470410197
1628,Malaysia,2014,16.9231552895486
1632,Maldives,1990,11.4329194320145
1633,Maldives,1995,11.5093953575075
1634,Maldives,2000,11.0895325411061
1635,Maldives,2005,11.4353593088117
1636,Maldives,2010,11.309829389338
1637,Maldives,2011,11.7896346168776
1638,Maldives,2012,11.157482296676
1639,Maldives,2013,10.5696792829898
1640,Maldives,2014,9.92123086269363
1644,Mali,1990,41.5287682468365
1645,Mali,1995,40.5724799249173
1646,Mali,2000,39.8000553810856
1647,Mali,2005,37.8440813361376
1648,Mali,2010,36.3976597275607
1649,Mali,2011,35.1416443704817
1650,Mali,2012,34.7002262985862
1651,Mali,2013,32.3068233785002
1652,Mali,2014,33.9161157355481
1656,Malta,1990,16.8548707840013
1657,Malta,1995,16.6617453457328
1658,Malta,2000,16.5349455967171
1659,Malta,2005,16.1044780535011
1660,Malta,2010,16.4493998953997
1661,Malta,2011,16.6443039756523
1662,Malta,2012,15.3971609505622
1663,Malta,2013,15.2819442224028
1664,Malta,2014,14.4354035652968
1668,Marshall Islands,1990,13.0635947389454
1669,Marshall Islands,1995,13.3383995987599
1670,Marshall Islands,2000,13.043411924331
1671,Marshall Islands,2005,12.9269199312761
1672,Marshall Islands,2010,12.9467083617585
1673,Marshall Islands,2011,12.9321705662685
1674,Marshall Islands,2012,12.1235335768639
1675,Marshall Islands,2013,11.8743885912056
1676,Marshall Islands,2014,11.0702201813227
1680,Mauritania,1990,50.0683203580571
1681,Mauritania,1995,48.4149638442417
1682,Mauritania,2000,48.8602511574
1683,Mauritania,2005,41.8726023141864
1684,Mauritania,2010,39.6374133803318
1685,Mauritania,2011,40.0431449678531
1686,Mauritania,2012,42.3435116948771
1687,Mauritania,2013,40.2157915543989
1688,Mauritania,2014,43.1107840801081
1692,Mauritius,1990,15.7729298061294
1693,Mauritius,1995,15.7565797790264
1694,Mauritius,2000,15.3980383595153
1695,Mauritius,2005,15.5372494388922
1696,Mauritius,2010,15.1947729014188
1697,Mauritius,2011,15.201701650388
1698,Mauritius,2012,15.2458559630192
1699,Mauritius,2013,15.5561765052019
1700,Mauritius,2014,15.292648228244
1704,Mexico,1990,23.5165578230472
1705,Mexico,1995,24.1366102443026
1706,Mexico,2000,26.7791821594009
1707,Mexico,2005,26.8628999158892
1708,Mexico,2010,26.3654389998875
1709,Mexico,2011,27.7412967942738
1710,Mexico,2012,25.9816588282646
1711,Mexico,2013,25.4490896722485
1712,Mexico,2014,23.0996897467602
1716,Micronesia (country),1990,14.0109821606292
1717,Micronesia (country),1995,14.0700625761944
1718,Micronesia (country),2000,14.1244844726363
1719,Micronesia (country),2005,14.0063009307145
1720,Micronesia (country),2010,13.7492451986709
1721,Micronesia (country),2011,13.7316520963357
1722,Micronesia (country),2012,12.97443871936
1723,Micronesia (country),2013,12.7425153346975
1724,Micronesia (country),2014,11.8668688547721
1728,Middle East & North Africa,1990,50.2114247556149
1729,Middle East & North Africa,1995,49.458826422046
1730,Middle East & North Africa,2000,50.4140287126198
1731,Middle East & North Africa,2005,49.8241260787023
1732,Middle East & North Africa,2010,51.810860593659
1733,Middle East & North Africa,2011,50.2605458447215
1734,Middle East & North Africa,2012,51.0601605059645
1735,Middle East & North Africa,2013,51.9404403428954
1736,Middle East & North Africa,2014,50.5229292490123
1740,Middle East & North Africa (IDA & IBRD),1990,49.4004322591217
1741,Middle East & North Africa (IDA & IBRD),1995,48.4870651177168
1742,Middle East & North Africa (IDA & IBRD),2000,49.0965762654028
1743,Middle East & North Africa (IDA & IBRD),2005,48.6114810234394
1744,Middle East & North Africa (IDA & IBRD),2010,50.3563704370524
1745,Middle East & North Africa (IDA & IBRD),2011,48.4460281293817
1746,Middle East & North Africa (IDA & IBRD),2012,48.9968516367753
1747,Middle East & North Africa (IDA & IBRD),2013,50.159802318525
1748,Middle East & North Africa (IDA & IBRD),2014,49.4126831475673
1752,Middle East & North Africa (excluding high income),1990,49.2677556382306
1753,Middle East & North Africa (excluding high income),1995,48.3476272746095
1754,Middle East & North Africa (excluding high income),2000,48.937087840524
1755,Middle East & North Africa (excluding high income),2005,48.4302164302299
1756,Middle East & North Africa (excluding high income),2010,50.1589752539045
1757,Middle East & North Africa (excluding high income),2011,48.2675561547536
1758,Middle East & North Africa (excluding high income),2012,48.8096479139969
1759,Middle East & North Africa (excluding high income),2013,49.9663844686335
1760,Middle East & North Africa (excluding high income),2014,49.2263849432552
1764,Middle income,1990,51.4502183731229
1765,Middle income,1995,52.061829536808
1766,Middle income,2000,53.237039885512
1767,Middle income,2005,56.3904433765784
1768,Middle income,2010,58.756872681658
1769,Middle income,2011,59.2498795648681
1770,Middle income,2012,55.0989312246272
1771,Middle income,2013,55.7717012275121
1772,Middle income,2014,53.3965190431428
1776,Moldova,1990,22.8450523555842
1777,Moldova,1995,20.8901613235178
1778,Moldova,2000,19.5811008296464
1779,Moldova,2005,19.1445215238829
1780,Moldova,2010,19.116104148849
1781,Moldova,2011,19.9248681713194
1782,Moldova,2012,18.4092847429465
1783,Moldova,2013,17.4323997316397
1784,Moldova,2014,16.7264610493413
1788,Mongolia,1990,37.9155369415176
1789,Mongolia,1995,36.837178251156
1790,Mongolia,2000,39.0325266631287
1791,Mongolia,2005,39.7264049850377
1792,Mongolia,2010,43.3046532872718
1793,Mongolia,2011,45.3601700534193
1794,Mongolia,2012,42.6543747997741
1795,Mongolia,2013,42.3213112697226
1796,Mongolia,2014,39.2951400589356
1800,Montenegro,1990,28.5990887683106
1801,Montenegro,1995,27.8004752462892
1802,Montenegro,2000,26.0012462316455
1803,Montenegro,2005,25.562792606629
1804,Montenegro,2010,25.0554063027232
1805,Montenegro,2011,26.6292238814068
1806,Montenegro,2012,24.680302894442
1807,Montenegro,2013,23.2742259885772
1808,Montenegro,2014,21.9470516779019
1812,Morocco,1990,30.2554917779452
1813,Morocco,1995,30.4209649622628
1814,Morocco,2000,30.9674483228804
1815,Morocco,2005,30.9678134359633
1816,Morocco,2010,29.6489602985204
1817,Morocco,2011,29.2665642608242
1818,Morocco,2012,27.7902835753525
1819,Morocco,2013,29.2595191342993
1820,Morocco,2014,29.949449987403
1824,Mozambique,1990,23.3828576908264
1825,Mozambique,1995,22.7965806650953
1826,Mozambique,2000,22.6862709176142
1827,Mozambique,2005,22.6632306189697
1828,Mozambique,2010,23.561468719368
1829,Mozambique,2011,22.6090715027632
1830,Mozambique,2012,22.8676010888595
1831,Mozambique,2013,22.6361599911726
1832,Mozambique,2014,22.614164139078
1836,Myanmar,1990,39.8094739213574
1837,Myanmar,1995,40.765255607412
1838,Myanmar,2000,39.3616530238531
1839,Myanmar,2005,43.3214543985974
1840,Myanmar,2010,44.0561152471062
1841,Myanmar,2011,43.6199034673322
1842,Myanmar,2012,42.5228123967659
1843,Myanmar,2013,42.8828694393185
1844,Myanmar,2014,40.2889685436423
1848,Namibia,1990,28.7497896475675
1849,Namibia,1995,27.4975966688861
1850,Namibia,2000,27.4338185640076
1851,Namibia,2005,27.6197614145724
1852,Namibia,2010,27.6598963258867
1853,Namibia,2011,27.0101545145848
1854,Namibia,2012,26.7987080593328
1855,Namibia,2013,27.0928160862187
1856,Namibia,2014,26.018121530434
1860,Nepal,1990,87.5984547699771
1861,Nepal,1995,90.6871644933824
1862,Nepal,2000,88.9430216973703
1863,Nepal,2005,93.218247559259
1864,Nepal,2010,100.784427886379
1865,Nepal,2011,100.76606073329
1866,Nepal,2012,96.9632914938447
1867,Nepal,2013,95.3139856059124
1868,Nepal,2014,98.1160165651258
1872,Netherlands,1990,16.4694030038209
1873,Netherlands,1995,15.5616952284487
1874,Netherlands,2000,14.9286800929182
1875,Netherlands,2005,14.578017806813
1876,Netherlands,2010,15.2324302514612
1877,Netherlands,2011,14.9881386449491
1878,Netherlands,2012,13.8124137319952
1879,Netherlands,2013,13.0431451072111
1880,Netherlands,2014,12.8287970698324
1884,New Zealand,1990,7.14383141839905
1885,New Zealand,1995,7.20439739921205
1886,New Zealand,2000,7.16228849792864
1887,New Zealand,2005,7.0370872787156
1888,New Zealand,2010,7.15286569118004
1889,New Zealand,2011,7.42069643508215
1890,New Zealand,2012,6.83583564036925
1891,New Zealand,2013,6.78188555133455
1892,New Zealand,2014,6.35790351165964
1896,Nicaragua,1990,22.6001597616044
1897,Nicaragua,1995,22.3479032465537
1898,Nicaragua,2000,23.0534073979373
1899,Nicaragua,2005,23.0294365568683
1900,Nicaragua,2010,22.4922690995416
1901,Nicaragua,2011,22.4795201525219
1902,Nicaragua,2012,22.3527116058236
1903,Nicaragua,2013,21.9290757507362
1904,Nicaragua,2014,19.3877213369292
1908,Niger,1990,90.5963683686416
1909,Niger,1995,88.6316019564448
1910,Niger,2000,87.5067626629728
1911,Niger,2005,73.4384932881245
1912,Niger,2010,69.1501766862217
1913,Niger,2011,72.9827667766753
1914,Niger,2012,72.5446445866735
1915,Niger,2013,63.0317172477813
1916,Niger,2014,60.5413572217851
1920,Nigeria,1990,72.1255759681486
1921,Nigeria,1995,68.7100362423834
1922,Nigeria,2000,67.5543284950873
1923,Nigeria,2005,59.6581398754536
1924,Nigeria,2010,52.6090639108744
1925,Nigeria,2011,50.9730892257392
1926,Nigeria,2012,56.1296377006339
1927,Nigeria,2013,49.7406889360452
1928,Nigeria,2014,48.6333736074304
1932,North America,1990,9.55477084816248
1933,North America,1995,9.42186994849832
1934,North America,2000,9.40417257167705
1935,North America,2005,9.50123101658633
1936,North America,2010,9.26317135178933
1937,North America,2011,9.63081168726456
1938,North America,2012,8.91490194779268
1939,North America,2013,8.64144273417429
1940,North America,2014,8.14222564803899
1944,North Korea,1990,38.4530651416047
1945,North Korea,1995,38.3574916410906
1946,North Korea,2000,38.1620577505501
1947,North Korea,2005,39.0947142676998
1948,North Korea,2010,39.3426569629658
1949,North Korea,2011,38.8933687936219
1950,North Korea,2012,36.4075144608111
1951,North Korea,2013,37.1348558556884
1952,North Korea,2014,35.2402154048664
1956,North Macedonia,1990,41.87047580668
1957,North Macedonia,1995,39.937559170874
1958,North Macedonia,2000,36.3982167041329
1959,North Macedonia,2005,35.6330468741533
1960,North Macedonia,2010,34.456969769624
1961,North Macedonia,2011,38.0831194984498
1962,North Macedonia,2012,34.6578145508319
1963,North Macedonia,2013,32.0150486303937
1964,North Macedonia,2014,31.7905412343844
1968,Northern Mariana Islands,1990,11.4149011946832
1969,Northern Mariana Islands,1995,11.4099851206553
1970,Northern Mariana Islands,2000,12.181242110816
1971,Northern Mariana Islands,2005,11.8687712365151
1972,Northern Mariana Islands,2010,11.9263809988699
1973,Northern Mariana Islands,2011,12.1996265682633
1974,Northern Mariana Islands,2012,11.439996106666
1975,Northern Mariana Islands,2013,10.9650202104021
1976,Northern Mariana Islands,2014,10.3134722014537
1980,Norway,1990,8.99538040225903
1981,Norway,1995,8.7932612582865
1982,Norway,2000,8.66886615510985
1983,Norway,2005,8.35949070978923
1984,Norway,2010,8.34150722274663
1985,Norway,2011,8.85351078083279
1986,Norway,2012,7.92528124081567
1987,Norway,2013,7.63367482383289
1988,Norway,2014,7.67089592652719
1992,OECD members,1990,17.3518509913636
1993,OECD members,1995,16.9631760074008
1994,OECD members,2000,17.0370205407235
1995,OECD members,2005,17.0544617189861
1996,OECD members,2010,17.1533617253079
1997,OECD members,2011,17.2823543505864
1998,OECD members,2012,16.321270158729
1999,OECD members,2013,16.0786233373873
2000,OECD members,2014,15.3451928196978
2004,Oman,1990,40.1876456337459
2005,Oman,1995,39.6026906378917
2006,Oman,2000,39.8552891565221
2007,Oman,2005,39.6552717475494
2008,Oman,2010,37.5153339407814
2009,Oman,2011,39.1037948242344
2010,Oman,2012,40.7332834838239
2011,Oman,2013,41.0527687017356
2012,Oman,2014,37.7108805090437
2016,Other small states,1990,29.3274504345429
2017,Other small states,1995,29.4667835798381
2018,Other small states,2000,29.6726031542963
2019,Other small states,2005,29.6189283238011
2020,Other small states,2010,32.3646069303137
2021,Other small states,2011,32.4615673771099
2022,Other small states,2012,33.5136460839117
2023,Other small states,2013,33.4242209247328
2024,Other small states,2014,32.4659390175824
2028,Pacific island small states,1990,13.4350985036712
2029,Pacific island small states,1995,13.2794168480717
2030,Pacific island small states,2000,13.5432391927442
2031,Pacific island small states,2005,13.5366611881887
2032,Pacific island small states,2010,13.8447305448399
2033,Pacific island small states,2011,14.0361163878575
2034,Pacific island small states,2012,13.0615348937457
2035,Pacific island small states,2013,12.4504848911516
2036,Pacific island small states,2014,12.0054582363618
2040,Pakistan,1990,60.3346590093864
2041,Pakistan,1995,61.4328666458032
2042,Pakistan,2000,61.1060274855453
2043,Pakistan,2005,63.3784368903
2044,Pakistan,2010,68.0051904410133
2045,Pakistan,2011,68.5449356079429
2046,Pakistan,2012,62.376646285051
2047,Pakistan,2013,61.0221628714855
2048,Pakistan,2014,59.5183627105334
2052,Palestine,1990,34.225751051085
2053,Palestine,1995,34.1620012199721
2054,Palestine,2000,33.8537516297179
2055,Palestine,2005,31.9744942683791
2056,Palestine,2010,33.0066742489679
2057,Palestine,2011,32.8733127376724
2058,Palestine,2012,32.7694590415318
2059,Palestine,2013,33.4929635793704
2060,Palestine,2014,33.4482827649975
2064,Panama,1990,13.1275457076524
2065,Panama,1995,13.2061704868771
2066,Panama,2000,14.3830143077584
2067,Panama,2005,14.115315679975
2068,Panama,2010,14.1389184639819
2069,Panama,2011,14.2960389925591
2070,Panama,2012,13.9723665117281
2071,Panama,2013,13.3978705006529
2072,Panama,2014,12.9216151340018
2076,Papua New Guinea,1990,15.1262993833579
2077,Papua New Guinea,1995,14.6374492640053
2078,Papua New Guinea,2000,14.75156314807
2079,Papua New Guinea,2005,14.524239149404
2080,Papua New Guinea,2010,14.9413587064079
2081,Papua New Guinea,2011,15.5190338310274
2082,Papua New Guinea,2012,14.6065331586861
2083,Papua New Guinea,2013,13.9526279259945
2084,Papua New Guinea,2014,13.2452982255431
2088,Paraguay,1990,14.0236170740715
2089,Paraguay,1995,14.2882677783948
2090,Paraguay,2000,14.2130862779441
2091,Paraguay,2005,15.1304702236947
2092,Paraguay,2010,15.102923169863
2093,Paraguay,2011,14.598118548124
2094,Paraguay,2012,13.9483061467426
2095,Paraguay,2013,12.9265692829268
2096,Paraguay,2014,12.6410754978609
2100,Peru,1990,28.5209379640834
2101,Peru,1995,29.50529745405
2102,Peru,2000,30.2736625331581
2103,Peru,2005,32.2992294241998
2104,Peru,2010,31.5025740143547
2105,Peru,2011,31.5711656864502
2106,Peru,2012,30.4944558314919
2107,Peru,2013,29.74308640988
2108,Peru,2014,27.5826726016016
2112,Philippines,1990,22.1160359991943
2113,Philippines,1995,21.9702178653311
2114,Philippines,2000,22.2038970281349
2115,Philippines,2005,22.8185710880321
2116,Philippines,2010,23.5923155182906
2117,Philippines,2011,22.7548344688727
2118,Philippines,2012,22.5495836082338
2119,Philippines,2013,21.2162877744006
2120,Philippines,2014,20.2595871582438
2124,Poland,1990,30.1994289871968
2125,Poland,1995,27.8918280326225
2126,Poland,2000,25.8221858192988
2127,Poland,2005,26.1512182276353
2128,Poland,2010,27.1765001759178
2129,Poland,2011,26.3725070743675
2130,Poland,2012,24.2639773905809
2131,Poland,2013,22.9287236968437
2132,Poland,2014,22.2108917899162
2136,Portugal,1990,10.1405309254684
2137,Portugal,1995,10.0845941177836
2138,Portugal,2000,10.1236926240404
2139,Portugal,2005,10.4497082295253
2140,Portugal,2010,10.0768869309899
2141,Portugal,2011,10.3550126282855
2142,Portugal,2012,9.48480279892085
2143,Portugal,2013,9.432044129311
2144,Portugal,2014,8.78479288950989
2148,Post-demographic dividend,1990,15.5544181548994
2149,Post-demographic dividend,1995,14.876321282524
2150,Post-demographic dividend,2000,14.4856147101976
2151,Post-demographic dividend,2005,14.3899982604697
2152,Post-demographic dividend,2010,14.1712761903761
2153,Post-demographic dividend,2011,14.4135902069105
2154,Post-demographic dividend,2012,13.3590949408415
2155,Post-demographic dividend,2013,13.1314040068594
2156,Post-demographic dividend,2014,12.434785165884
2160,Pre-demographic dividend,1990,49.082593607164
2161,Pre-demographic dividend,1995,48.1118165534747
2162,Pre-demographic dividend,2000,47.5630478761007
2163,Pre-demographic dividend,2005,44.3752286221557
2164,Pre-demographic dividend,2010,42.3313168195658
2165,Pre-demographic dividend,2011,42.3823353615028
2166,Pre-demographic dividend,2012,44.0909989480543
2167,Pre-demographic dividend,2013,41.5503117898884
2168,Pre-demographic dividend,2014,40.5401467619506
2172,Puerto Rico,1990,8.2381912599283
2173,Puerto Rico,1995,8.23342156655124
2174,Puerto Rico,2000,10.4360023979884
2175,Puerto Rico,2005,10.3999261914406
2176,Puerto Rico,2010,10.3725485093891
2177,Puerto Rico,2011,10.5794061082171
2178,Puerto Rico,2012,9.96624444983323
2179,Puerto Rico,2013,9.70375413608891
2180,Puerto Rico,2014,9.08922771683943
2184,Qatar,1990,91.6363886567687
2185,Qatar,1995,89.993499597541
2186,Qatar,2000,83.5353280608455
2187,Qatar,2005,85.3264686250963
2188,Qatar,2010,84.1229023471251
2189,Qatar,2011,81.2730055002605
2190,Qatar,2012,89.2469712776012
2191,Qatar,2013,88.8905150284335
2192,Qatar,2014,78.8328403496723
2196,Romania,1990,20.3192636708037
2197,Romania,1995,18.5724150135456
2198,Romania,2000,17.6967403883824
2199,Romania,2005,17.1577761105048
2200,Romania,2010,17.0621474915671
2201,Romania,2011,17.6367546388193
2202,Romania,2012,16.3158453881701
2203,Romania,2013,15.3693093546066
2204,Romania,2014,15.0064954603087
2208,Russia,1990,21.2233466140548
2209,Russia,1995,19.8733334784193
2210,Russia,2000,19.0540371000316
2211,Russia,2005,18.9952172816721
2212,Russia,2010,19.4803109794762
2213,Russia,2011,19.1915108278417
2214,Russia,2012,18.3043384127269
2215,Russia,2013,17.795070551186
2216,Russia,2014,16.5821629520409
2220,Rwanda,1990,45.5270129936232
2221,Rwanda,1995,44.0549161388168
2222,Rwanda,2000,43.4816891203054
2223,Rwanda,2005,42.6911842516644
2224,Rwanda,2010,41.4409119192597
2225,Rwanda,2011,42.6809593723863
2226,Rwanda,2012,44.5608962410599
2227,Rwanda,2013,44.4115850805418
2228,Rwanda,2014,42.2114874390308
2232,Saint Lucia,1990,26.7119852729018
2233,Saint Lucia,1995,26.8498815490366
2234,Saint Lucia,2000,27.0961331529874
2235,Saint Lucia,2005,26.9848497495707
2236,Saint Lucia,2010,27.6359722686825
2237,Saint Lucia,2011,28.0786559337834
2238,Saint Lucia,2012,26.3674847803291
2239,Saint Lucia,2013,25.4448016753621
2240,Saint Lucia,2014,24.2363025921188
2244,Saint Vincent and the Grenadines,1990,27.164538788044
2245,Saint Vincent and the Grenadines,1995,27.1626592417482
2246,Saint Vincent and the Grenadines,2000,26.957932332641
2247,Saint Vincent and the Grenadines,2005,27.064134962223
2248,Saint Vincent and the Grenadines,2010,26.3966586237771
2249,Saint Vincent and the Grenadines,2011,27.5828102182175
2250,Saint Vincent and the Grenadines,2012,25.7540788170391
2251,Saint Vincent and the Grenadines,2013,24.7621800469285
2252,Saint Vincent and the Grenadines,2014,23.0309320634118
2256,Samoa,1990,14.3112500592923
2257,Samoa,1995,14.2969883604602
2258,Samoa,2000,14.3204704441505
2259,Samoa,2005,14.2054580669209
2260,Samoa,2010,14.2880939379602
2261,Samoa,2011,14.6930960894409
2262,Samoa,2012,13.6278823870368
2263,Samoa,2013,13.3825220845194
2264,Samoa,2014,12.6435599879878
2268,Sao Tome and Principe,1990,30.4490444560876
2269,Sao Tome and Principe,1995,30.3145160152831
2270,Sao Tome and Principe,2000,30.3119009909877
2271,Sao Tome and Principe,2005,29.3343945798637
2272,Sao Tome and Principe,2010,27.1266211061715
2273,Sao Tome and Principe,2011,27.8602440163351
2274,Sao Tome and Principe,2012,25.9158433729757
2275,Sao Tome and Principe,2013,27.6588166567707
2276,Sao Tome and Principe,2014,27.8623018944269
2280,Saudi Arabia,1990,70.573068567725
2281,Saudi Arabia,1995,72.5849409378208
2282,Saudi Arabia,2000,79.0755260032832
2283,Saudi Arabia,2005,76.4224444669697
2284,Saudi Arabia,2010,81.6991820825621
2285,Saudi Arabia,2011,82.4190319131165
2286,Saudi Arabia,2012,85.5133031126929
2287,Saudi Arabia,2013,83.6309922296027
2288,Saudi Arabia,2014,75.6084406242497
2292,Senegal,1990,41.0165028352281
2293,Senegal,1995,41.7080783412962
2294,Senegal,2000,41.3530458515774
2295,Senegal,2005,35.5450600667049
2296,Senegal,2010,34.9853839468251
2297,Senegal,2011,35.9353995164773
2298,Senegal,2012,36.1677559631685
2299,Senegal,2013,34.0182248963568
2300,Senegal,2014,36.8268377611949
2304,Serbia,1990,31.4151643715138
2305,Serbia,1995,29.7929544206247
2306,Serbia,2000,29.2239703098701
2307,Serbia,2005,29.6854174901905
2308,Serbia,2010,29.1005889856314
2309,Serbia,2011,31.0340277616719
2310,Serbia,2012,28.5847483987261
2311,Serbia,2013,27.4307859103552
2312,Serbia,2014,26.4920725503352
2316,Seychelles,1990,21.7973600129121
2317,Seychelles,1995,21.7683746118426
2318,Seychelles,2000,21.6475202829498
2319,Seychelles,2005,21.7730100283116
2320,Seychelles,2010,21.0912680420024
2321,Seychelles,2011,21.6103580524095
2322,Seychelles,2012,21.4953351062009
2323,Seychelles,2013,20.969736916773
2324,Seychelles,2014,20.9705174735211
2328,Sierra Leone,1990,20.7326476311265
2329,Sierra Leone,1995,20.1393838163204
2330,Sierra Leone,2000,20.5068703324924
2331,Sierra Leone,2005,19.3125096777975
2332,Sierra Leone,2010,18.5288884050947
2333,Sierra Leone,2011,18.7431558075717
2334,Sierra Leone,2012,20.1012941730483
2335,Sierra Leone,2013,18.4356667921992
2336,Sierra Leone,2014,17.6982322246576
2340,Singapore,1990,18.7242430477283
2341,Singapore,1995,18.7550150542153
2342,Singapore,2000,19.3231850200122
2343,Singapore,2005,20.8013139363101
2344,Singapore,2010,20.609461738953
2345,Singapore,2011,19.3494207847786
2346,Singapore,2012,20.8864930052328
2347,Singapore,2013,18.7070714753966
2348,Singapore,2014,17.4088770481754
2352,Slovakia,1990,24.9534363519868
2353,Slovakia,1995,22.8106086959602
2354,Slovakia,2000,21.7239994007575
2355,Slovakia,2005,21.9434197740466
2356,Slovakia,2010,21.6902197423305
2357,Slovakia,2011,21.7671985081086
2358,Slovakia,2012,19.76493292649
2359,Slovakia,2013,19.3154926795452
2360,Slovakia,2014,18.3041816056837
2364,Slovenia,1990,22.2711479948821
2365,Slovenia,1995,20.8814141843544
2366,Slovenia,2000,19.1340469812576
2367,Slovenia,2005,19.4228411473009
2368,Slovenia,2010,18.681656104969
2369,Slovenia,2011,19.5141378986477
2370,Slovenia,2012,17.6700790587538
2371,Slovenia,2013,17.571378638363
2372,Slovenia,2014,16.6327007392783
2376,Small states,1990,26.6644437251671
2377,Small states,1995,26.8148088754964
2378,Small states,2000,27.0782980050949
2379,Small states,2005,27.1927457293964
2380,Small states,2010,29.3471577896525
2381,Small states,2011,29.6018139185745
2382,Small states,2012,30.0778744135897
2383,Small states,2013,29.8659844161286
2384,Small states,2014,28.8681996663395
2388,Solomon Islands,1990,13.7617355309177
2389,Solomon Islands,1995,13.0987540330216
2390,Solomon Islands,2000,13.8669543359551
2391,Solomon Islands,2005,14.178723465423
2392,Solomon Islands,2010,14.3742555909261
2393,Solomon Islands,2011,14.3753733078393
2394,Solomon Islands,2012,13.4302449262841
2395,Solomon Islands,2013,12.5532549641069
2396,Solomon Islands,2014,12.1720308222061
2400,Somalia,1990,31.7359846431634
2401,Somalia,1995,29.9011125220979
2402,Somalia,2000,31.3859892774933
2403,Somalia,2005,29.7218033007407
2404,Somalia,2010,29.0001853460196
2405,Somalia,2011,31.230155808806
2406,Somalia,2012,31.5871049510291
2407,Somalia,2013,29.5515725965593
2408,Somalia,2014,30.4010806672921
2412,South Africa,1990,26.1202027888728
2413,South Africa,1995,26.285373476669
2414,South Africa,2000,26.6737987761488
2415,South Africa,2005,26.3228778792042
2416,South Africa,2010,27.1385868402145
2417,South Africa,2011,26.5578732193421
2418,South Africa,2012,26.5770866160343
2419,South Africa,2013,26.7292617098656
2420,South Africa,2014,26.7222123827965
2424,South Asia,1990,76.6194102383059
2425,South Asia,1995,77.8535652479424
2426,South Asia,2000,78.9075021748771
2427,South Asia,2005,84.3309113858508
2428,South Asia,2010,89.1676451424693
2429,South Asia,2011,90.5694812444251
2430,South Asia,2012,82.731680298235
2431,South Asia,2013,84.690303279135
2432,South Asia,2014,83.0671975336923
2436,South Asia (IDA & IBRD),1990,76.6194102383059
2437,South Asia (IDA & IBRD),1995,77.8535652479423
2438,South Asia (IDA & IBRD),2000,78.9075021748771
2439,South Asia (IDA & IBRD),2005,84.3309113858508
2440,South Asia (IDA & IBRD),2010,89.1676451424693
2441,South Asia (IDA & IBRD),2011,90.5694812444251
2442,South Asia (IDA & IBRD),2012,82.731680298235
2443,South Asia (IDA & IBRD),2013,84.690303279135
2444,South Asia (IDA & IBRD),2014,83.0671975336923
2448,South Korea,1990,29.3310217248387
2449,South Korea,1995,29.520631352866
2450,South Korea,2000,29.7654692874653
2451,South Korea,2005,30.4069040267214
2452,South Korea,2010,29.8020099995715
2453,South Korea,2011,29.6811945427748
2454,South Korea,2012,27.9159525934896
2455,South Korea,2013,29.4619172924269
2456,South Korea,2014,27.213110366846
2460,South Sudan,1990,46.2393620878641
2461,South Sudan,1995,45.3785831464613
2462,South Sudan,2000,44.1015886546911
2463,South Sudan,2005,44.391704268704
2464,South Sudan,2010,43.2253399578039
2465,South Sudan,2011,45.1014724085413
2466,South Sudan,2012,43.9740586353133
2467,South Sudan,2013,42.6420012133163
2468,South Sudan,2014,41.9005603291223
2472,Spain,1990,12.2113225321338
2473,Spain,1995,11.9453955019404
2474,Spain,2000,11.7742086288483
2475,Spain,2005,11.5690251766368
2476,Spain,2010,11.3493290990506
2477,Spain,2011,12.0379978900659
2478,Spain,2012,11.1496233247265
2479,Spain,2013,10.7425820621415
2480,Spain,2014,10.0745888305866
2484,Sri Lanka,1990,29.7685035277314
2485,Sri Lanka,1995,30.1860725539688
2486,Sri Lanka,2000,30.8557617958077
2487,Sri Lanka,2005,30.956735289758
2488,Sri Lanka,2010,31.0337811506039
2489,Sri Lanka,2011,31.2320746594978
2490,Sri Lanka,2012,30.0839728276573
2491,Sri Lanka,2013,28.8982276934103
2492,Sri Lanka,2014,26.922776520838
2496,Sub-Saharan Africa,1990,44.0189181653394
2497,Sub-Saharan Africa,1995,43.113861346795
2498,Sub-Saharan Africa,2000,42.7870983223743
2499,Sub-Saharan Africa,2005,39.8289177826517
2500,Sub-Saharan Africa,2010,38.212634974459
2501,Sub-Saharan Africa,2011,38.3612160004438
2502,Sub-Saharan Africa,2012,39.829812571613
2503,Sub-Saharan Africa,2013,37.9172105305937
2504,Sub-Saharan Africa,2014,37.2325842009997
2508,Sub-Saharan Africa (IDA & IBRD),1990,44.0189181653394
2509,Sub-Saharan Africa (IDA & IBRD),1995,43.113861346795
2510,Sub-Saharan Africa (IDA & IBRD),2000,42.7870983223743
2511,Sub-Saharan Africa (IDA & IBRD),2005,39.8289177826517
2512,Sub-Saharan Africa (IDA & IBRD),2010,38.212634974459
2513,Sub-Saharan Africa (IDA & IBRD),2011,38.3612160004437
2514,Sub-Saharan Africa (IDA & IBRD),2012,39.829812571613
2515,Sub-Saharan Africa (IDA & IBRD),2013,37.9172105305937
2516,Sub-Saharan Africa (IDA & IBRD),2014,37.2325842009997
2520,Sub-Saharan Africa (excluding high income),1990,44.0219503744215
2521,Sub-Saharan Africa (excluding high income),1995,43.1166168686021
2522,Sub-Saharan Africa (excluding high income),2000,42.7896764272073
2523,Sub-Saharan Africa (excluding high income),2005,39.8308893087232
2524,Sub-Saharan Africa (excluding high income),2010,38.2144037885812
2525,Sub-Saharan Africa (excluding high income),2011,38.3628562915634
2526,Sub-Saharan Africa (excluding high income),2012,39.8315768731239
2527,Sub-Saharan Africa (excluding high income),2013,37.91882716888
2528,Sub-Saharan Africa (excluding high income),2014,37.2341176273264
2532,Sudan,1990,51.1436262510584
2533,Sudan,1995,52.3881579450291
2534,Sudan,2000,49.4280769322668
2535,Sudan,2005,50.1754288380929
2536,Sudan,2010,47.2620555795406
2537,Sudan,2011,51.1524272650257
2538,Sudan,2012,49.6859389496409
2539,Sudan,2013,48.0281449098708
2540,Sudan,2014,48.1417421817524
2544,Suriname,1990,29.993100160344
2545,Suriname,1995,30.041124737759
2546,Suriname,2000,29.0258930084421
2547,Suriname,2005,29.9757050409152
2548,Suriname,2010,29.8318889854946
2549,Suriname,2011,31.0387218254506
2550,Suriname,2012,29.1336100996656
2551,Suriname,2013,28.8083168512629
2552,Suriname,2014,25.9988471344265
2556,Sweden,1990,7.94753230618227
2557,Sweden,1995,7.57532837199853
2558,Sweden,2000,7.57800897993321
2559,Sweden,2005,7.1658202150426
2560,Sweden,2010,7.20975903582133
2561,Sweden,2011,7.39122133078057
2562,Sweden,2012,6.62794199639198
2563,Sweden,2013,6.43116889724868
2564,Sweden,2014,6.95919768148881
2568,Switzerland,1990,14.2283726553172
2569,Switzerland,1995,13.3705608058867
2570,Switzerland,2000,12.6907640595053
2571,Switzerland,2005,12.8618159955264
2572,Switzerland,2010,12.9222197296525
2573,Switzerland,2011,13.0492212150514
2574,Switzerland,2012,12.2613880127188
2575,Switzerland,2013,11.8200549924358
2576,Switzerland,2014,11.3891071872707
2580,Syria,1990,46.7179457466901
2581,Syria,1995,44.6234683331629
2582,Syria,2000,41.5563060331627
2583,Syria,2005,39.9417514365293
2584,Syria,2010,42.6576848541663
2585,Syria,2011,41.1249528529788
2586,Syria,2012,41.0168387679648
2587,Syria,2013,41.9149681857657
2588,Syria,2014,41.5344806649803
2592,Tajikistan,1990,50.9879002782416
2593,Tajikistan,1995,51.6068304002939
2594,Tajikistan,2000,51.1826625170951
2595,Tajikistan,2005,49.3393528456829
2596,Tajikistan,2010,50.4054176459058
2597,Tajikistan,2011,54.3199610005851
2598,Tajikistan,2012,48.9896035498359
2599,Tajikistan,2013,49.5531376278516
2600,Tajikistan,2014,46.4808292331015
2604,Tanzania,1990,29.8616457154657
2605,Tanzania,1995,28.808424845233
2606,Tanzania,2000,28.9736974571626
2607,Tanzania,2005,29.5738357925171
2608,Tanzania,2010,28.6075326933308
2609,Tanzania,2011,28.7287686561828
2610,Tanzania,2012,29.9698447842678
2611,Tanzania,2013,29.3596329916386
2612,Tanzania,2014,28.8737159172738
2616,Thailand,1990,30.831621901665
2617,Thailand,1995,30.93971710304
2618,Thailand,2000,30.960351037569
2619,Thailand,2005,31.8070330900993
2620,Thailand,2010,31.5653994355292
2621,Thailand,2011,31.6096292267502
2622,Thailand,2012,31.5253146391928
2623,Thailand,2013,31.1747236421131
2624,Thailand,2014,29.3646411417554
2628,Timor,1990,23.0565791937464
2629,Timor,1995,23.2559934553403
2630,Timor,2000,23.501297460759
2631,Timor,2005,23.2531613073674
2632,Timor,2010,23.4923960392012
2633,Timor,2011,23.7567186728767
2634,Timor,2012,22.466623820335
2635,Timor,2013,21.9646230247835
2636,Timor,2014,20.4501004719774
2640,Togo,1990,38.1147903371764
2641,Togo,1995,37.7016493721504
2642,Togo,2000,37.6858556816475
2643,Togo,2005,31.3915456712186
2644,Togo,2010,30.5229444712416
2645,Togo,2011,30.8548062654159
2646,Togo,2012,31.369209585774
2647,Togo,2013,29.5659277539709
2648,Togo,2014,28.9362914635165
2652,Tonga,1990,13.1678227937349
2653,Tonga,1995,13.3062501125611
2654,Tonga,2000,12.7985712702709
2655,Tonga,2005,13.1791393055228
2656,Tonga,2010,13.5319483912831
2657,Tonga,2011,13.5170884031082
2658,Tonga,2012,12.4381711052992
2659,Tonga,2013,12.1477133941036
2660,Tonga,2014,12.0576399597663
2664,Trinidad and Tobago,1990,28.87598896114
2665,Trinidad and Tobago,1995,29.4607828720761
2666,Trinidad and Tobago,2000,28.7940609951208
2667,Trinidad and Tobago,2005,29.525935401255
2668,Trinidad and Tobago,2010,28.7041862577357
2669,Trinidad and Tobago,2011,29.8516248658623
2670,Trinidad and Tobago,2012,27.9425046745525
2671,Trinidad and Tobago,2013,27.1587390137481
2672,Trinidad and Tobago,2014,24.8558422647213
2676,Tunisia,1990,35.9496326786172
2677,Tunisia,1995,35.9408814639442
2678,Tunisia,2000,35.6025268301478
2679,Tunisia,2005,33.5574475643055
2680,Tunisia,2010,35.5454885925227
2681,Tunisia,2011,33.868352123867
2682,Tunisia,2012,32.8158055685594
2683,Tunisia,2013,35.6541446567615
2684,Tunisia,2014,34.6920588293701
2688,Turkey,1990,42.5988219035615
2689,Turkey,1995,41.9720604390142
2690,Turkey,2000,42.6925247819659
2691,Turkey,2005,41.2020157401686
2692,Turkey,2010,43.8212287462637
2693,Turkey,2011,40.545108814482
2694,Turkey,2012,41.9209189206504
2695,Turkey,2013,42.0625831070393
2696,Turkey,2014,42.5957712131171
2700,Turkmenistan,1990,25.3013446687502
2701,Turkmenistan,1995,25.3709699652572
2702,Turkmenistan,2000,25.4715553056238
2703,Turkmenistan,2005,23.8540570202095
2704,Turkmenistan,2010,24.8518292723779
2705,Turkmenistan,2011,25.4960994188935
2706,Turkmenistan,2012,23.8020100507056
2707,Turkmenistan,2013,23.7218898034341
2708,Turkmenistan,2014,22.0849068628754
2712,Uganda,1990,47.8748395814397
2713,Uganda,1995,48.3434384782575
2714,Uganda,2000,46.0289068200291
2715,Uganda,2005,45.9461680286517
2716,Uganda,2010,44.7586973742389
2717,Uganda,2011,47.0611681733569
2718,Uganda,2012,49.6267295806679
2719,Uganda,2013,47.7211587100761
2720,Uganda,2014,46.9305668478487
2724,Ukraine,1990,28.3095472536609
2725,Ukraine,1995,25.8867317467473
2726,Ukraine,2000,24.1579129430659
2727,Ukraine,2005,23.9222040223039
2728,Ukraine,2010,23.5226564768422
2729,Ukraine,2011,23.9711035856442
2730,Ukraine,2012,22.328793300204
2731,Ukraine,2013,21.5323994958141
2732,Ukraine,2014,20.4868952169552
2736,United Arab Emirates,1990,39.8246286943079
2737,United Arab Emirates,1995,39.7784271785445
2738,United Arab Emirates,2000,39.6988005156856
2739,United Arab Emirates,2005,38.9890623862208
2740,United Arab Emirates,2010,38.9800684897726
2741,United Arab Emirates,2011,39.1934300995497
2742,United Arab Emirates,2012,39.2771281064554
2743,United Arab Emirates,2013,39.6081550984834
2744,United Arab Emirates,2014,37.9834210633454
2748,United Kingdom,1990,13.5081867090275
2749,United Kingdom,1995,13.0054443357346
2750,United Kingdom,2000,12.6182292780151
2751,United Kingdom,2005,12.5378968948782
2752,United Kingdom,2010,12.2991081472031
2753,United Kingdom,2011,12.8479990077242
2754,United Kingdom,2012,11.8144949443403
2755,United Kingdom,2013,11.6189014883647
2756,United Kingdom,2014,10.8005597817762
2760,United States,1990,9.70166727025227
2761,United States,1995,9.56639220192139
2762,United States,2000,9.52513800350703
2763,United States,2005,9.6098244651228
2764,United States,2010,9.35863641019104
2765,United States,2011,9.74064060739435
2766,United States,2012,9.00316336976139
2767,United States,2013,8.73477721104189
2768,United States,2014,8.22072031896057
2772,United States Virgin Islands,1990,10.2992526553631
2773,United States Virgin Islands,1995,10.2954677344682
2774,United States Virgin Islands,2000,12.8507561357211
2775,United States Virgin Islands,2005,12.7600807579261
2776,United States Virgin Islands,2010,12.7520997079073
2777,United States Virgin Islands,2011,12.9937384396102
2778,United States Virgin Islands,2012,12.2331231375092
2779,United States Virgin Islands,2013,11.9555131352812
2780,United States Virgin Islands,2014,11.1658167008995
2784,Upper middle income,1990,43.6261527633775
2785,Upper middle income,1995,44.0580481457095
2786,Upper middle income,2000,45.3668179812826
2787,Upper middle income,2005,48.4748297806632
2788,Upper middle income,2010,50.4108319148522
2789,Upper middle income,2011,50.9152255390405
2790,Upper middle income,2012,46.7781426194785
2791,Upper middle income,2013,47.4449719044651
2792,Upper middle income,2014,43.6208052397704
2796,Uruguay,1990,10.8707002008284
2797,Uruguay,1995,10.7438568862181
2798,Uruguay,2000,11.3670822951972
2799,Uruguay,2005,10.9184244895342
2800,Uruguay,2010,11.0270555653519
2801,Uruguay,2011,11.4687321965346
2802,Uruguay,2012,10.567294595868
2803,Uruguay,2013,10.4556055926595
2804,Uruguay,2014,9.92681615870071
2808,Uzbekistan,1990,35.9025766233094
2809,Uzbekistan,1995,34.7875857039057
2810,Uzbekistan,2000,31.9363452198741
2811,Uzbekistan,2005,31.5302937574811
2812,Uzbekistan,2010,32.077453560082
2813,Uzbekistan,2011,33.9938369625544
2814,Uzbekistan,2012,31.6621060982859
2815,Uzbekistan,2013,30.8051935561508
2816,Uzbekistan,2014,28.9000360999306
2820,Vanuatu,1990,13.6705503558058
2821,Vanuatu,1995,13.521474089043
2822,Vanuatu,2000,14.0665460882914
2823,Vanuatu,2005,14.189769924328
2824,Vanuatu,2010,14.1295125471247
2825,Vanuatu,2011,14.3829640193688
2826,Vanuatu,2012,13.2424523853195
2827,Vanuatu,2013,12.740692894229
2828,Vanuatu,2014,11.9338516831532
2832,Venezuela,1990,21.4571592760405
2833,Venezuela,1995,21.2709634008251
2834,Venezuela,2000,21.6102820224244
2835,Venezuela,2005,22.3692598715422
2836,Venezuela,2010,21.6828688155306
2837,Venezuela,2011,22.0331079235481
2838,Venezuela,2012,21.2457275263826
2839,Venezuela,2013,20.4289497348793
2840,Venezuela,2014,19.1040615270029
2844,Vietnam,1990,35.9284773247318
2845,Vietnam,1995,36.016809639103
2846,Vietnam,2000,36.2388454276341
2847,Vietnam,2005,37.749592952317
2848,Vietnam,2010,39.3653969875931
2849,Vietnam,2011,38.486974798001
2850,Vietnam,2012,37.2274515446179
2851,Vietnam,2013,36.835906408279
2852,Vietnam,2014,34.8960150524249
2856,World,1990,44.2616784348365
2857,World,1995,44.8818718960559
2858,World,2000,45.9353845684274
2859,World,2005,48.3637835254088
2860,World,2010,50.2519533107873
2861,World,2011,50.7708610506623
2862,World,2012,47.5328394437469
2863,World,2013,47.9474436147964
2864,World,2014,45.9437499723747
2868,Yemen,1990,48.8637265189059
2869,Yemen,1995,50.0277160197405
2870,Yemen,2000,50.8679328986047
2871,Yemen,2005,45.1448077862363
2872,Yemen,2010,45.9794699318728
2873,Yemen,2011,50.8352907813213
2874,Yemen,2012,51.4344540228684
2875,Yemen,2013,52.9984433505284
2876,Yemen,2014,48.3386526659716
2880,Zambia,1990,32.7648450942645
2881,Zambia,1995,30.9084655427808
2882,Zambia,2000,30.8982041470718
2883,Zambia,2005,28.9470552178137
2884,Zambia,2010,28.8363786000437
2885,Zambia,2011,28.9871167369868
2886,Zambia,2012,29.7420395289995
2887,Zambia,2013,29.1122207838349
2888,Zambia,2014,28.4932518913568
2892,Zimbabwe,1990,23.3199079113891
2893,Zimbabwe,1995,22.7262692741769
2894,Zimbabwe,2000,23.1263731791441
2895,Zimbabwe,2005,23.3147416953059
2896,Zimbabwe,2010,23.2314786967988
2897,Zimbabwe,2011,23.0742126582887
2898,Zimbabwe,2012,23.1980971225069
2899,Zimbabwe,2013,23.1110875484945
2900,Zimbabwe,2014,22.805949655883
