,Entity,Year,Transport
0,Albania,1990,700000.0
1,Albania,1991,500000.0
2,Albania,1992,400000.0
3,Albania,1993,500000.0
4,Albania,1994,600000.0
5,Albania,1995,600000.0
6,Albania,1996,600000.0
7,Albania,1997,500000.0
8,Albania,1998,700000.0
9,Albania,1999,1400000.0
10,Albania,2000,1500000.0
11,Albania,2001,1500000.0
12,Albania,2002,1800000.0
13,Albania,2003,1900000.0
14,Albania,2004,2300000.0
15,Albania,2005,2400000.0
16,Albania,2006,1900000.0
17,Albania,2007,2100000.0
18,Albania,2008,2300000.0
19,Albania,2009,2300000.0
20,Albania,2010,2200000.0
21,Albania,2011,2300000.0
22,Albania,2012,2300000.0
23,Albania,2013,2500000.0
24,Albania,2014,2500000.0
27,Algeria,1990,15800000.0
28,Algeria,1991,16900000.0
29,Algeria,1992,16800000.0
30,Algeria,1993,17000000.0
31,Algeria,1994,15500000.0
32,Algeria,1995,15100000.0
33,Algeria,1996,15000000.0
34,Algeria,1997,15000000.0
35,Algeria,1998,15500000.0
36,Algeria,1999,16500000.0
37,Algeria,2000,16800000.0
38,Algeria,2001,17000000.0
39,Algeria,2002,19400000.0
40,Algeria,2003,21800000.0
41,Algeria,2004,22000000.0
42,Algeria,2005,24200000.0
43,Algeria,2006,25600000.0
44,Algeria,2007,27600000.0
45,Algeria,2008,29200000.0
46,Algeria,2009,30500000.0
47,Algeria,2010,31700000.0
48,Algeria,2011,34200000.0
49,Algeria,2012,38400000.0
50,Algeria,2013,40200000.0
51,Algeria,2014,43600000.0
54,Angola,1990,1000000.0
55,Angola,1991,1300000.0
56,Angola,1992,1200000.0
57,Angola,1993,1200000.0
58,Angola,1994,1500000.0
59,Angola,1995,1100000.0
60,Angola,1996,1000000.0
61,Angola,1997,1100000.0
62,Angola,1998,800000.0
63,Angola,1999,1200000.0
64,Angola,2000,1100000.0
65,Angola,2001,1200000.0
66,Angola,2002,1500000.0
67,Angola,2003,2800000.0
68,Angola,2004,3500000.0
69,Angola,2005,2500000.0
70,Angola,2006,3300000.0
71,Angola,2007,3900000.0
72,Angola,2008,5200000.0
73,Angola,2009,5800000.0
74,Angola,2010,6500000.0
75,Angola,2011,7200000.0
76,Angola,2012,7200000.0
77,Angola,2013,8199999.999999999
78,Angola,2014,8600000.0
81,Argentina,1990,28400000.0
82,Argentina,1991,30000000.0
83,Argentina,1992,32100000.0
84,Argentina,1993,35700000.0
85,Argentina,1994,37100000.0
86,Argentina,1995,38300000.0
87,Argentina,1996,39500000.0
88,Argentina,1997,40600000.0
89,Argentina,1998,42500000.0
90,Argentina,1999,41100000.0
91,Argentina,2000,40300000.0
92,Argentina,2001,36600000.0
93,Argentina,2002,34100000.0
94,Argentina,2003,35000000.0
95,Argentina,2004,37900000.0
96,Argentina,2005,39600000.0
97,Argentina,2006,41800000.0
98,Argentina,2007,42500000.0
99,Argentina,2008,45100000.0
100,Argentina,2009,40600000.0
101,Argentina,2010,43400000.0
102,Argentina,2011,49300000.0
103,Argentina,2012,48800000.0
104,Argentina,2013,45700000.0
105,Argentina,2014,44900000.0
108,Armenia,1990,3000000.0
109,Armenia,1991,2900000.0
110,Armenia,1992,1800000.0
111,Armenia,1993,1200000.0
112,Armenia,1994,200000.0
113,Armenia,1995,100000.0
114,Armenia,1996,100000.0
115,Armenia,1997,100000.0
116,Armenia,1998,100000.0
117,Armenia,1999,100000.0
118,Armenia,2000,600000.0
119,Armenia,2001,600000.0
120,Armenia,2002,500000.0
121,Armenia,2003,600000.0
122,Armenia,2004,600000.0
123,Armenia,2005,700000.0
124,Armenia,2006,700000.0
125,Armenia,2007,1100000.0
126,Armenia,2008,1300000.0
127,Armenia,2009,1100000.0
128,Armenia,2010,1300000.0
129,Armenia,2011,1300000.0
130,Armenia,2012,1300000.0
131,Armenia,2013,1300000.0
132,Armenia,2014,1500000.0
135,Australia,1990,62000000.0
136,Australia,1991,60600000.0
137,Australia,1992,62100000.0
138,Australia,1993,63200000.0
139,Australia,1994,64800000.0
140,Australia,1995,67500000.0
141,Australia,1996,70000000.0
142,Australia,1997,71400000.0
143,Australia,1998,71400000.0
144,Australia,1999,72800000.0
145,Australia,2000,75000000.0
146,Australia,2001,74400000.0
147,Australia,2002,76100000.0
148,Australia,2003,76400000.0
149,Australia,2004,79200000.0
150,Australia,2005,79300000.0
151,Australia,2006,81300000.0
152,Australia,2007,83600000.0
153,Australia,2008,85300000.0
154,Australia,2009,85000000.0
155,Australia,2010,87600000.0
156,Australia,2011,90300000.0
157,Australia,2012,90900000.0
158,Australia,2013,92300000.0
159,Australia,2014,92500000.0
162,Austria,1990,13600000.0
163,Austria,1991,15100000.0
164,Austria,1992,15100000.0
165,Austria,1993,15200000.0
166,Austria,1994,15300000.0
167,Austria,1995,15500000.0
168,Austria,1996,17100000.0
169,Austria,1997,16200000.0
170,Austria,1998,18300000.0
171,Austria,1999,17800000.0
172,Austria,2000,18600000.0
173,Austria,2001,20000000.0
174,Austria,2002,21900000.0
175,Austria,2003,23500000.0
176,Austria,2004,23800000.0
177,Austria,2005,24600000.0
178,Austria,2006,23300000.0
179,Austria,2007,23600000.0
180,Austria,2008,22300000.0
181,Austria,2009,21600000.0
182,Austria,2010,22400000.0
183,Austria,2011,21800000.0
184,Austria,2012,21700000.0
185,Austria,2013,22800000.0
186,Austria,2014,22200000.0
189,Azerbaijan,1990,6200000.0
190,Azerbaijan,1991,4800000.0
191,Azerbaijan,1992,4000000.0
192,Azerbaijan,1993,3700000.0
193,Azerbaijan,1994,3200000.0
194,Azerbaijan,1995,3300000.0
195,Azerbaijan,1996,2700000.0
196,Azerbaijan,1997,3200000.0
197,Azerbaijan,1998,3000000.0
198,Azerbaijan,1999,1600000.0
199,Azerbaijan,2000,2400000.0
200,Azerbaijan,2001,2600000.0
201,Azerbaijan,2002,2900000.0
202,Azerbaijan,2003,3100000.0
203,Azerbaijan,2004,3800000.0
204,Azerbaijan,2005,4200000.0
205,Azerbaijan,2006,4800000.0
206,Azerbaijan,2007,3800000.0
207,Azerbaijan,2008,4800000.0
208,Azerbaijan,2009,4200000.0
209,Azerbaijan,2010,4900000.0
210,Azerbaijan,2011,5800000.0
211,Azerbaijan,2012,6400000.0
212,Azerbaijan,2013,7300000.0
213,Azerbaijan,2014,7500000.0
216,Bahrain,1990,1000000.0
217,Bahrain,1991,1000000.0
218,Bahrain,1992,1100000.0
219,Bahrain,1993,1200000.0
220,Bahrain,1994,1200000.0
221,Bahrain,1995,1200000.0
222,Bahrain,1996,1300000.0
223,Bahrain,1997,1300000.0
224,Bahrain,1998,1400000.0
225,Bahrain,1999,1500000.0
226,Bahrain,2000,1500000.0
227,Bahrain,2001,1600000.0
228,Bahrain,2002,1800000.0
229,Bahrain,2003,2000000.0
230,Bahrain,2004,2100000.0
231,Bahrain,2005,2500000.0
232,Bahrain,2006,2600000.0
233,Bahrain,2007,2800000.0
234,Bahrain,2008,3100000.0
235,Bahrain,2009,3100000.0
236,Bahrain,2010,3100000.0
237,Bahrain,2011,3000000.0
238,Bahrain,2012,3200000.0
239,Bahrain,2013,3300000.0
240,Bahrain,2014,3400000.0
243,Bangladesh,1990,1700000.0
244,Bangladesh,1991,1800000.0
245,Bangladesh,1992,2100000.0
246,Bangladesh,1993,2200000.0
247,Bangladesh,1994,2200000.0
248,Bangladesh,1995,2700000.0
249,Bangladesh,1996,2900000.0
250,Bangladesh,1997,3300000.0
251,Bangladesh,1998,3400000.0
252,Bangladesh,1999,3100000.0
253,Bangladesh,2000,3000000.0
254,Bangladesh,2001,3800000.0
255,Bangladesh,2002,3900000.0
256,Bangladesh,2003,3900000.0
257,Bangladesh,2004,4500000.0
258,Bangladesh,2005,5100000.0
259,Bangladesh,2006,5300000.0
260,Bangladesh,2007,5400000.0
261,Bangladesh,2008,6000000.0
262,Bangladesh,2009,6400000.0
263,Bangladesh,2010,7400000.0
264,Bangladesh,2011,8600000.0
265,Bangladesh,2012,8700000.0
266,Bangladesh,2013,8199999.999999999
267,Bangladesh,2014,8800000.0
270,Belarus,1990,11500000.0
271,Belarus,1991,12300000.0
272,Belarus,1992,11300000.0
273,Belarus,1993,9500000.0
274,Belarus,1994,6700000.0
275,Belarus,1995,6700000.0
276,Belarus,1996,7300000.0
277,Belarus,1997,7600000.0
278,Belarus,1998,8100000.0
279,Belarus,1999,7100000.0
280,Belarus,2000,6500000.0
281,Belarus,2001,6100000.0
282,Belarus,2002,6600000.0
283,Belarus,2003,6800000.0
284,Belarus,2004,7000000.0
285,Belarus,2005,7800000.0
286,Belarus,2006,9100000.0
287,Belarus,2007,9300000.0
288,Belarus,2008,10600000.0
289,Belarus,2009,9700000.0
290,Belarus,2010,10200000.0
291,Belarus,2011,10900000.0
292,Belarus,2012,11700000.0
293,Belarus,2013,12200000.0
294,Belarus,2014,11600000.0
297,Belgium,1990,20300000.0
298,Belgium,1991,20600000.0
299,Belgium,1992,21500000.0
300,Belgium,1993,22200000.0
301,Belgium,1994,22900000.0
302,Belgium,1995,22800000.0
303,Belgium,1996,23400000.0
304,Belgium,1997,23600000.0
305,Belgium,1998,24200000.0
306,Belgium,1999,24400000.0
307,Belgium,2000,24500000.0
308,Belgium,2001,25300000.0
309,Belgium,2002,25200000.0
310,Belgium,2003,26000000.0
311,Belgium,2004,26900000.0
312,Belgium,2005,26000000.0
313,Belgium,2006,26600000.0
314,Belgium,2007,27400000.0
315,Belgium,2008,27300000.0
316,Belgium,2009,26600000.0
317,Belgium,2010,25900000.0
318,Belgium,2011,25600000.0
319,Belgium,2012,24800000.0
320,Belgium,2013,24300000.0
321,Belgium,2014,24600000.0
324,Benin,1990,200000.0
325,Benin,1991,100000.0
326,Benin,1992,100000.0
327,Benin,1993,100000.0
328,Benin,1994,100000.0
329,Benin,1995,100000.0
330,Benin,1996,500000.0
331,Benin,1997,700000.0
332,Benin,1998,700000.0
333,Benin,1999,800000.0
334,Benin,2000,900000.0
335,Benin,2001,1000000.0
336,Benin,2002,1200000.0
337,Benin,2003,1400000.0
338,Benin,2004,1400000.0
339,Benin,2005,1500000.0
340,Benin,2006,2000000.0
341,Benin,2007,2400000.0
342,Benin,2008,2400000.0
343,Benin,2009,2800000.0
344,Benin,2010,3200000.0
345,Benin,2011,3300000.0
346,Benin,2012,3400000.0
347,Benin,2013,3800000.0
348,Benin,2014,4100000.0
351,Bolivia,1990,2200000.0
352,Bolivia,1991,2300000.0
353,Bolivia,1992,2300000.0
354,Bolivia,1993,2700000.0
355,Bolivia,1994,2800000.0
356,Bolivia,1995,3100000.0
357,Bolivia,1996,3200000.0
358,Bolivia,1997,3000000.0
359,Bolivia,1998,3100000.0
360,Bolivia,1999,3100000.0
361,Bolivia,2000,2900000.0
362,Bolivia,2001,2900000.0
363,Bolivia,2002,2900000.0
364,Bolivia,2003,3100000.0
365,Bolivia,2004,3400000.0
366,Bolivia,2005,3500000.0
367,Bolivia,2006,3900000.0
368,Bolivia,2007,4400000.0
369,Bolivia,2008,4900000.0
370,Bolivia,2009,5200000.0
371,Bolivia,2010,5400000.0
372,Bolivia,2011,5900000.0
373,Bolivia,2012,6300000.0
374,Bolivia,2013,7000000.0
375,Bolivia,2014,7500000.0
378,Bosnia and Herzegovina,1990,2200000.0
379,Bosnia and Herzegovina,1991,1900000.0
380,Bosnia and Herzegovina,1992,1100000.0
381,Bosnia and Herzegovina,1993,800000.0
382,Bosnia and Herzegovina,1994,1000000.0
383,Bosnia and Herzegovina,1995,1000000.0
384,Bosnia and Herzegovina,1996,1000000.0
385,Bosnia and Herzegovina,1997,1100000.0
386,Bosnia and Herzegovina,1998,1400000.0
387,Bosnia and Herzegovina,1999,1300000.0
388,Bosnia and Herzegovina,2000,2100000.0
389,Bosnia and Herzegovina,2001,2100000.0
390,Bosnia and Herzegovina,2002,2000000.0
391,Bosnia and Herzegovina,2003,2100000.0
392,Bosnia and Herzegovina,2004,2400000.0
393,Bosnia and Herzegovina,2005,2300000.0
394,Bosnia and Herzegovina,2006,2900000.0
395,Bosnia and Herzegovina,2007,3000000.0
396,Bosnia and Herzegovina,2008,3400000.0
397,Bosnia and Herzegovina,2009,3500000.0
398,Bosnia and Herzegovina,2010,3400000.0
399,Bosnia and Herzegovina,2011,3400000.0
400,Bosnia and Herzegovina,2012,3200000.0
401,Bosnia and Herzegovina,2013,2800000.0
402,Bosnia and Herzegovina,2014,3000000.0
405,Botswana,1990,600000.0
406,Botswana,1991,700000.0
407,Botswana,1992,800000.0
408,Botswana,1993,800000.0
409,Botswana,1994,800000.0
410,Botswana,1995,900000.0
411,Botswana,1996,900000.0
412,Botswana,1997,1000000.0
413,Botswana,1998,1000000.0
414,Botswana,1999,1100000.0
415,Botswana,2000,1200000.0
416,Botswana,2001,1300000.0
417,Botswana,2002,1200000.0
418,Botswana,2003,1300000.0
419,Botswana,2004,1500000.0
420,Botswana,2005,1500000.0
421,Botswana,2006,1600000.0
422,Botswana,2007,1700000.0
423,Botswana,2008,2000000.0
424,Botswana,2009,1800000.0
425,Botswana,2010,1900000.0
426,Botswana,2011,2000000.0
427,Botswana,2012,2000000.0
428,Botswana,2013,2100000.0
429,Botswana,2014,2200000.0
432,Brazil,1990,82200000.0
433,Brazil,1991,86000000.0
434,Brazil,1992,86600000.0
435,Brazil,1993,90100000.0
436,Brazil,1994,94200000.0
437,Brazil,1995,104200000.0
438,Brazil,1996,113700000.0
439,Brazil,1997,120600000.0
440,Brazil,1998,126900000.0
441,Brazil,1999,124200000.0
442,Brazil,2000,125500000.0
443,Brazil,2001,128000000.0
444,Brazil,2002,129900000.0
445,Brazil,2003,127400000.0
446,Brazil,2004,136300000.0
447,Brazil,2005,137000000.0
448,Brazil,2006,140000000.0
449,Brazil,2007,145700000.0
450,Brazil,2008,151100000.0
451,Brazil,2009,148500000.0
452,Brazil,2010,167700000.0
453,Brazil,2011,183800000.0
454,Brazil,2012,200900000.0
455,Brazil,2013,208100000.0
456,Brazil,2014,213100000.0
459,Brunei,1990,600000.0
460,Brunei,1991,600000.0
461,Brunei,1992,700000.0
462,Brunei,1993,700000.0
463,Brunei,1994,700000.0
464,Brunei,1995,800000.0
465,Brunei,1996,800000.0
466,Brunei,1997,900000.0
467,Brunei,1998,800000.0
468,Brunei,1999,800000.0
469,Brunei,2000,800000.0
470,Brunei,2001,800000.0
471,Brunei,2002,900000.0
472,Brunei,2003,900000.0
473,Brunei,2004,1000000.0
474,Brunei,2005,1000000.0
475,Brunei,2006,1000000.0
476,Brunei,2007,1100000.0
477,Brunei,2008,1100000.0
478,Brunei,2009,1100000.0
479,Brunei,2010,1200000.0
480,Brunei,2011,1300000.0
481,Brunei,2012,1300000.0
482,Brunei,2013,1300000.0
483,Brunei,2014,1400000.0
486,Bulgaria,1990,6400000.0
487,Bulgaria,1991,3600000.0
488,Bulgaria,1992,3800000.0
489,Bulgaria,1993,4300000.0
490,Bulgaria,1994,3900000.0
491,Bulgaria,1995,4200000.0
492,Bulgaria,1996,4100000.0
493,Bulgaria,1997,4300000.0
494,Bulgaria,1998,5400000.0
495,Bulgaria,1999,5700000.0
496,Bulgaria,2000,5400000.0
497,Bulgaria,2001,5600000.0
498,Bulgaria,2002,5800000.0
499,Bulgaria,2003,6400000.0
500,Bulgaria,2004,6800000.0
501,Bulgaria,2005,7600000.0
502,Bulgaria,2006,8100000.0
503,Bulgaria,2007,8000000.0
504,Bulgaria,2008,8300000.000000001
505,Bulgaria,2009,8000000.0
506,Bulgaria,2010,7800000.0
507,Bulgaria,2011,8000000.0
508,Bulgaria,2012,8199999.999999999
509,Bulgaria,2013,7300000.0
510,Bulgaria,2014,8199999.999999999
513,Cambodia,1995,1200000.0
514,Cambodia,1996,1200000.0
515,Cambodia,1997,1200000.0
516,Cambodia,1998,1400000.0
517,Cambodia,1999,1400000.0
518,Cambodia,2000,1300000.0
519,Cambodia,2001,1500000.0
520,Cambodia,2002,1300000.0
521,Cambodia,2003,1400000.0
522,Cambodia,2004,1400000.0
523,Cambodia,2005,1500000.0
524,Cambodia,2006,1600000.0
525,Cambodia,2007,2000000.0
526,Cambodia,2008,2000000.0
527,Cambodia,2009,2700000.0
528,Cambodia,2010,3100000.0
529,Cambodia,2011,3300000.0
530,Cambodia,2012,3400000.0
531,Cambodia,2013,3500000.0
532,Cambodia,2014,3800000.0
535,Cameroon,1990,1800000.0
536,Cameroon,1991,1600000.0
537,Cameroon,1992,1600000.0
538,Cameroon,1993,1700000.0
539,Cameroon,1994,1800000.0
540,Cameroon,1995,1700000.0
541,Cameroon,1996,1700000.0
542,Cameroon,1997,1800000.0
543,Cameroon,1998,1900000.0
544,Cameroon,1999,1600000.0
545,Cameroon,2000,1900000.0
546,Cameroon,2001,1900000.0
547,Cameroon,2002,2100000.0
548,Cameroon,2003,2100000.0
549,Cameroon,2004,2200000.0
550,Cameroon,2005,2100000.0
551,Cameroon,2006,1900000.0
552,Cameroon,2007,2100000.0
553,Cameroon,2008,2200000.0
554,Cameroon,2009,2500000.0
555,Cameroon,2010,2700000.0
556,Cameroon,2011,2800000.0
557,Cameroon,2012,2900000.0
558,Cameroon,2013,3100000.0
559,Cameroon,2014,3300000.0
562,Canada,1990,124700000.0
563,Canada,1991,121000000.0
564,Canada,1992,125200000.0
565,Canada,1993,127200000.0
566,Canada,1994,133400000.0
567,Canada,1995,137100000.0
568,Canada,1996,140400000.0
569,Canada,1997,144900000.0
570,Canada,1998,147500000.0
571,Canada,1999,151200000.0
572,Canada,2000,150000000.0
573,Canada,2001,147800000.0
574,Canada,2002,150400000.0
575,Canada,2003,153100000.0
576,Canada,2004,157900000.0
577,Canada,2005,158100000.0
578,Canada,2006,158800000.0
579,Canada,2007,166800000.0
580,Canada,2008,166600000.0
581,Canada,2009,163100000.0
582,Canada,2010,168300000.0
583,Canada,2011,168000000.0
584,Canada,2012,170100000.0
585,Canada,2013,174700000.0
586,Canada,2014,174400000.0
589,Chile,1990,9100000.0
590,Chile,1991,9500000.0
591,Chile,1992,10300000.0
592,Chile,1993,11400000.0
593,Chile,1994,12300000.0
594,Chile,1995,13600000.0
595,Chile,1996,14800000.0
596,Chile,1997,15700000.0
597,Chile,1998,16600000.000000002
598,Chile,1999,16700000.0
599,Chile,2000,17000000.0
600,Chile,2001,16100000.000000002
601,Chile,2002,16600000.000000002
602,Chile,2003,16300000.0
603,Chile,2004,16900000.0
604,Chile,2005,18600000.0
605,Chile,2006,18300000.0
606,Chile,2007,19800000.0
607,Chile,2008,20600000.0
608,Chile,2009,20700000.0
609,Chile,2010,21400000.0
610,Chile,2011,21900000.0
611,Chile,2012,22400000.0
612,Chile,2013,24500000.0
613,Chile,2014,23600000.0
616,China,1990,94200000.0
617,China,1991,100700000.0
618,China,1992,111200000.0
619,China,1993,125800000.0
620,China,1994,116400000.0
621,China,1995,127500000.0
622,China,1996,170000000.0
623,China,1997,146300000.0
624,China,1998,140500000.0
625,China,1999,157600000.0
626,China,2000,248700000.0
627,China,2001,254500000.0
628,China,2002,276700000.0
629,China,2003,313400000.0
630,China,2004,371200000.0
631,China,2005,397300000.0
632,China,2006,434800000.0
633,China,2007,468600000.0
634,China,2008,507100000.0
635,China,2009,517100000.0
636,China,2010,568800000.0
637,China,2011,621900000.0
638,China,2012,686100000.0
639,China,2013,741100000.0
640,China,2014,770600000.0
643,Colombia,1990,16300000.0
644,Colombia,1991,17100000.0
645,Colombia,1992,18000000.0
646,Colombia,1993,18300000.0
647,Colombia,1994,17000000.0
648,Colombia,1995,20300000.0
649,Colombia,1996,20900000.0
650,Colombia,1997,21900000.0
651,Colombia,1998,21400000.0
652,Colombia,1999,19100000.0
653,Colombia,2000,18600000.0
654,Colombia,2001,19500000.0
655,Colombia,2002,17300000.0
656,Colombia,2003,17800000.0
657,Colombia,2004,20300000.0
658,Colombia,2005,20500000.0
659,Colombia,2006,21400000.0
660,Colombia,2007,21900000.0
661,Colombia,2008,22300000.0
662,Colombia,2009,20900000.0
663,Colombia,2010,21700000.0
664,Colombia,2011,26400000.0
665,Colombia,2012,27800000.0
666,Colombia,2013,27000000.0
667,Colombia,2014,28100000.0
670,Congo,1990,500000.0
671,Congo,1991,500000.0
672,Congo,1992,500000.0
673,Congo,1993,500000.0
674,Congo,1994,300000.0
675,Congo,1995,400000.0
676,Congo,1996,300000.0
677,Congo,1997,200000.0
678,Congo,1998,300000.0
679,Congo,1999,300000.0
680,Congo,2000,400000.0
681,Congo,2001,600000.0
682,Congo,2002,400000.0
683,Congo,2003,600000.0
684,Congo,2004,700000.0
685,Congo,2005,700000.0
686,Congo,2006,900000.0
687,Congo,2007,1000000.0
688,Congo,2008,1200000.0
689,Congo,2009,1300000.0
690,Congo,2010,1500000.0
691,Congo,2011,1600000.0
692,Congo,2012,1600000.0
693,Congo,2013,1900000.0
694,Congo,2014,2000000.0
697,Costa Rica,1990,1600000.0
698,Costa Rica,1991,1600000.0
699,Costa Rica,1992,2400000.0
700,Costa Rica,1993,2500000.0
701,Costa Rica,1994,2600000.0
702,Costa Rica,1995,2600000.0
703,Costa Rica,1996,2600000.0
704,Costa Rica,1997,2700000.0
705,Costa Rica,1998,3000000.0
706,Costa Rica,1999,3100000.0
707,Costa Rica,2000,3000000.0
708,Costa Rica,2001,3200000.0
709,Costa Rica,2002,3500000.0
710,Costa Rica,2003,3600000.0
711,Costa Rica,2004,3800000.0
712,Costa Rica,2005,3800000.0
713,Costa Rica,2006,4000000.0
714,Costa Rica,2007,4300000.0
715,Costa Rica,2008,4400000.0
716,Costa Rica,2009,4400000.0
717,Costa Rica,2010,4600000.0
718,Costa Rica,2011,4600000.0
719,Costa Rica,2012,4800000.0
720,Costa Rica,2013,4900000.0
721,Costa Rica,2014,5000000.0
724,Cote d'Ivoire,1990,1200000.0
725,Cote d'Ivoire,1991,1200000.0
726,Cote d'Ivoire,1992,1100000.0
727,Cote d'Ivoire,1993,1100000.0
728,Cote d'Ivoire,1994,1100000.0
729,Cote d'Ivoire,1995,1200000.0
730,Cote d'Ivoire,1996,1300000.0
731,Cote d'Ivoire,1997,1400000.0
732,Cote d'Ivoire,1998,1200000.0
733,Cote d'Ivoire,1999,1400000.0
734,Cote d'Ivoire,2000,1300000.0
735,Cote d'Ivoire,2001,1300000.0
736,Cote d'Ivoire,2002,1400000.0
737,Cote d'Ivoire,2003,1000000.0
738,Cote d'Ivoire,2004,1100000.0
739,Cote d'Ivoire,2005,1200000.0
740,Cote d'Ivoire,2006,1300000.0
741,Cote d'Ivoire,2007,1300000.0
742,Cote d'Ivoire,2008,1600000.0
743,Cote d'Ivoire,2009,1600000.0
744,Cote d'Ivoire,2010,1500000.0
745,Cote d'Ivoire,2011,1600000.0
746,Cote d'Ivoire,2012,2400000.0
747,Cote d'Ivoire,2013,2500000.0
748,Cote d'Ivoire,2014,2600000.0
751,Croatia,1990,3600000.0
752,Croatia,1991,2800000.0
753,Croatia,1992,2800000.0
754,Croatia,1993,2900000.0
755,Croatia,1994,3100000.0
756,Croatia,1995,3300000.0
757,Croatia,1996,3500000.0
758,Croatia,1997,3900000.0
759,Croatia,1998,4100000.0
760,Croatia,1999,4300000.0
761,Croatia,2000,4300000.0
762,Croatia,2001,4400000.0
763,Croatia,2002,4700000.0
764,Croatia,2003,5100000.0
765,Croatia,2004,5300000.0
766,Croatia,2005,5400000.0
767,Croatia,2006,5800000.0
768,Croatia,2007,6100000.0
769,Croatia,2008,6100000.0
770,Croatia,2009,6000000.0
771,Croatia,2010,5800000.0
772,Croatia,2011,5700000.0
773,Croatia,2012,5500000.0
774,Croatia,2013,5600000.0
775,Croatia,2014,5500000.0
778,Cuba,1990,5100000.0
779,Cuba,1991,3700000.0
780,Cuba,1992,2600000.0
781,Cuba,1993,1900000.0
782,Cuba,1994,1900000.0
783,Cuba,1995,2000000.0
784,Cuba,1996,2200000.0
785,Cuba,1997,2800000.0
786,Cuba,1998,2500000.0
787,Cuba,1999,2400000.0
788,Cuba,2000,2200000.0
789,Cuba,2001,2200000.0
790,Cuba,2002,2100000.0
791,Cuba,2003,1900000.0
792,Cuba,2004,2000000.0
793,Cuba,2005,1900000.0
794,Cuba,2006,1800000.0
795,Cuba,2007,1800000.0
796,Cuba,2008,1800000.0
797,Cuba,2009,1400000.0
798,Cuba,2010,1200000.0
799,Cuba,2011,1200000.0
800,Cuba,2012,1100000.0
801,Cuba,2013,1200000.0
802,Cuba,2014,1400000.0
805,Cyprus,1990,1200000.0
806,Cyprus,1991,1200000.0
807,Cyprus,1992,1300000.0
808,Cyprus,1993,1300000.0
809,Cyprus,1994,1400000.0
810,Cyprus,1995,1500000.0
811,Cyprus,1996,1500000.0
812,Cyprus,1997,1600000.0
813,Cyprus,1998,1600000.0
814,Cyprus,1999,1700000.0
815,Cyprus,2000,1700000.0
816,Cyprus,2001,1800000.0
817,Cyprus,2002,1800000.0
818,Cyprus,2003,1900000.0
819,Cyprus,2004,2000000.0
820,Cyprus,2005,2000000.0
821,Cyprus,2006,2000000.0
822,Cyprus,2007,2100000.0
823,Cyprus,2008,2200000.0
824,Cyprus,2009,2200000.0
825,Cyprus,2010,2200000.0
826,Cyprus,2011,2200000.0
827,Cyprus,2012,2000000.0
828,Cyprus,2013,1800000.0
829,Cyprus,2014,1700000.0
832,Czechia,1990,6900000.0
833,Czechia,1991,6200000.0
834,Czechia,1992,7900000.0
835,Czechia,1993,8000000.0
836,Czechia,1994,8500000.0
837,Czechia,1995,7300000.0
838,Czechia,1996,10100000.0
839,Czechia,1997,10400000.0
840,Czechia,1998,10700000.0
841,Czechia,1999,11800000.0
842,Czechia,2000,11900000.0
843,Czechia,2001,12700000.0
844,Czechia,2002,13300000.0
845,Czechia,2003,15100000.0
846,Czechia,2004,15800000.0
847,Czechia,2005,17100000.0
848,Czechia,2006,17500000.0
849,Czechia,2007,18400000.0
850,Czechia,2008,18300000.0
851,Czechia,2009,17600000.0
852,Czechia,2010,16600000.000000002
853,Czechia,2011,16500000.0
854,Czechia,2012,16100000.000000002
855,Czechia,2013,16000000.0
856,Czechia,2014,16500000.0
859,Democratic Republic of Congo,1990,600000.0
860,Democratic Republic of Congo,1991,500000.0
861,Democratic Republic of Congo,1992,400000.0
862,Democratic Republic of Congo,1993,400000.0
863,Democratic Republic of Congo,1994,500000.0
864,Democratic Republic of Congo,1995,500000.0
865,Democratic Republic of Congo,1996,500000.0
866,Democratic Republic of Congo,1997,400000.0
867,Democratic Republic of Congo,1998,500000.0
868,Democratic Republic of Congo,1999,400000.0
869,Democratic Republic of Congo,2000,800000.0
870,Democratic Republic of Congo,2001,600000.0
871,Democratic Republic of Congo,2002,700000.0
872,Democratic Republic of Congo,2003,800000.0
873,Democratic Republic of Congo,2004,900000.0
874,Democratic Republic of Congo,2005,1100000.0
875,Democratic Republic of Congo,2006,1200000.0
876,Democratic Republic of Congo,2007,1300000.0
877,Democratic Republic of Congo,2008,1500000.0
878,Democratic Republic of Congo,2009,1500000.0
879,Democratic Republic of Congo,2010,1700000.0
880,Democratic Republic of Congo,2011,2100000.0
881,Democratic Republic of Congo,2012,2100000.0
882,Democratic Republic of Congo,2013,3300000.0
883,Democratic Republic of Congo,2014,4500000.0
886,Denmark,1990,10300000.0
887,Denmark,1991,10900000.0
888,Denmark,1992,10900000.0
889,Denmark,1993,11100000.0
890,Denmark,1994,11600000.0
891,Denmark,1995,11700000.0
892,Denmark,1996,11800000.0
893,Denmark,1997,11900000.0
894,Denmark,1998,12000000.0
895,Denmark,1999,12000000.0
896,Denmark,2000,12000000.0
897,Denmark,2001,12100000.0
898,Denmark,2002,12200000.0
899,Denmark,2003,12700000.0
900,Denmark,2004,13100000.0
901,Denmark,2005,13400000.0
902,Denmark,2006,13600000.0
903,Denmark,2007,14100000.0
904,Denmark,2008,13900000.0
905,Denmark,2009,13200000.0
906,Denmark,2010,13000000.0
907,Denmark,2011,12700000.0
908,Denmark,2012,11400000.0
909,Denmark,2013,11200000.0
910,Denmark,2014,11300000.0
913,Dominican Republic,1990,2300000.0
914,Dominican Republic,1991,2300000.0
915,Dominican Republic,1992,2500000.0
916,Dominican Republic,1993,2700000.0
917,Dominican Republic,1994,3200000.0
918,Dominican Republic,1995,3500000.0
919,Dominican Republic,1996,3900000.0
920,Dominican Republic,1997,4500000.0
921,Dominican Republic,1998,4900000.0
922,Dominican Republic,1999,5200000.0
923,Dominican Republic,2000,5300000.0
924,Dominican Republic,2001,5300000.0
925,Dominican Republic,2002,5700000.0
926,Dominican Republic,2003,5200000.0
927,Dominican Republic,2004,5300000.0
928,Dominican Republic,2005,5500000.0
929,Dominican Republic,2006,5500000.0
930,Dominican Republic,2007,5500000.0
931,Dominican Republic,2008,5000000.0
932,Dominican Republic,2009,5300000.0
933,Dominican Republic,2010,5400000.0
934,Dominican Republic,2011,5700000.0
935,Dominican Republic,2012,6200000.0
936,Dominican Republic,2013,5300000.0
937,Dominican Republic,2014,4700000.0
940,Ecuador,1990,7800000.0
941,Ecuador,1991,8000000.0
942,Ecuador,1992,8100000.0
943,Ecuador,1993,8199999.999999999
944,Ecuador,1994,8700000.0
945,Ecuador,1995,8300000.000000001
946,Ecuador,1996,10100000.0
947,Ecuador,1997,10700000.0
948,Ecuador,1998,10000000.0
949,Ecuador,1999,7900000.0
950,Ecuador,2000,8700000.0
951,Ecuador,2001,8700000.0
952,Ecuador,2002,9000000.0
953,Ecuador,2003,9000000.0
954,Ecuador,2004,9300000.0
955,Ecuador,2005,9700000.0
956,Ecuador,2006,10000000.0
957,Ecuador,2007,10000000.0
958,Ecuador,2008,10000000.0
959,Ecuador,2009,10400000.0
960,Ecuador,2010,12500000.0
961,Ecuador,2011,12900000.0
962,Ecuador,2012,13400000.0
963,Ecuador,2013,14300000.0
964,Ecuador,2014,15400000.0
967,Egypt,1990,16100000.000000002
968,Egypt,1991,16900000.0
969,Egypt,1992,17600000.0
970,Egypt,1993,18300000.0
971,Egypt,1994,20000000.0
972,Egypt,1995,21200000.0
973,Egypt,1996,22500000.0
974,Egypt,1997,24100000.0
975,Egypt,1998,26700000.0
976,Egypt,1999,28400000.0
977,Egypt,2000,29200000.0
978,Egypt,2001,28200000.0
979,Egypt,2002,29000000.0
980,Egypt,2003,30600000.0
981,Egypt,2004,31300000.0
982,Egypt,2005,30800000.0
983,Egypt,2006,33500000.0
984,Egypt,2007,37000000.0
985,Egypt,2008,39100000.0
986,Egypt,2009,41800000.0
987,Egypt,2010,44800000.0
988,Egypt,2011,46800000.0
989,Egypt,2012,50900000.0
990,Egypt,2013,51400000.0
991,Egypt,2014,53600000.0
994,El Salvador,1990,1300000.0
995,El Salvador,1991,1400000.0
996,El Salvador,1992,1600000.0
997,El Salvador,1993,1700000.0
998,El Salvador,1994,1900000.0
999,El Salvador,1995,2100000.0
1000,El Salvador,1996,2100000.0
1001,El Salvador,1997,2100000.0
1002,El Salvador,1998,2300000.0
1003,El Salvador,1999,2600000.0
1004,El Salvador,2000,2500000.0
1005,El Salvador,2001,2500000.0
1006,El Salvador,2002,2500000.0
1007,El Salvador,2003,2700000.0
1008,El Salvador,2004,2800000.0
1009,El Salvador,2005,3100000.0
1010,El Salvador,2006,2900000.0
1011,El Salvador,2007,3200000.0
1012,El Salvador,2008,3000000.0
1013,El Salvador,2009,3100000.0
1014,El Salvador,2010,3000000.0
1015,El Salvador,2011,3100000.0
1016,El Salvador,2012,2700000.0
1017,El Salvador,2013,2800000.0
1018,El Salvador,2014,2800000.0
1021,Eritrea,1992,100000.0
1022,Eritrea,1993,200000.0
1023,Eritrea,1994,300000.0
1024,Eritrea,1995,300000.0
1025,Eritrea,1996,400000.0
1026,Eritrea,1997,400000.0
1027,Eritrea,1998,200000.0
1028,Eritrea,1999,200000.0
1029,Eritrea,2000,200000.0
1030,Eritrea,2001,200000.0
1031,Eritrea,2002,300000.0
1032,Eritrea,2003,300000.0
1033,Eritrea,2004,200000.0
1034,Eritrea,2005,200000.0
1035,Eritrea,2006,100000.0
1036,Eritrea,2007,100000.0
1037,Eritrea,2008,100000.0
1038,Eritrea,2009,100000.0
1039,Eritrea,2010,100000.0
1040,Eritrea,2011,200000.0
1041,Eritrea,2012,200000.0
1042,Eritrea,2013,200000.0
1043,Eritrea,2014,200000.0
1046,Estonia,1990,2400000.0
1047,Estonia,1991,2200000.0
1048,Estonia,1992,1100000.0
1049,Estonia,1993,1200000.0
1050,Estonia,1994,1400000.0
1051,Estonia,1995,1400000.0
1052,Estonia,1996,1500000.0
1053,Estonia,1997,1600000.0
1054,Estonia,1998,1700000.0
1055,Estonia,1999,1700000.0
1056,Estonia,2000,1600000.0
1057,Estonia,2001,2000000.0
1058,Estonia,2002,2100000.0
1059,Estonia,2003,2000000.0
1060,Estonia,2004,2000000.0
1061,Estonia,2005,2100000.0
1062,Estonia,2006,2300000.0
1063,Estonia,2007,2400000.0
1064,Estonia,2008,2400000.0
1065,Estonia,2009,2100000.0
1066,Estonia,2010,2200000.0
1067,Estonia,2011,2200000.0
1068,Estonia,2012,2300000.0
1069,Estonia,2013,2200000.0
1070,Estonia,2014,2200000.0
1073,Ethiopia,1990,900000.0
1074,Ethiopia,1991,900000.0
1075,Ethiopia,1992,700000.0
1076,Ethiopia,1993,900000.0
1077,Ethiopia,1994,1000000.0
1078,Ethiopia,1995,1100000.0
1079,Ethiopia,1996,1200000.0
1080,Ethiopia,1997,1300000.0
1081,Ethiopia,1998,1400000.0
1082,Ethiopia,1999,1500000.0
1083,Ethiopia,2000,1600000.0
1084,Ethiopia,2001,2000000.0
1085,Ethiopia,2002,2100000.0
1086,Ethiopia,2003,2200000.0
1087,Ethiopia,2004,2300000.0
1088,Ethiopia,2005,2200000.0
1089,Ethiopia,2006,2300000.0
1090,Ethiopia,2007,2600000.0
1091,Ethiopia,2008,2600000.0
1092,Ethiopia,2009,2800000.0
1093,Ethiopia,2010,2900000.0
1094,Ethiopia,2011,3000000.0
1095,Ethiopia,2012,3400000.0
1096,Ethiopia,2013,4000000.0
1097,Ethiopia,2014,4400000.0
1127,Finland,1990,11700000.0
1128,Finland,1991,11400000.0
1129,Finland,1992,11400000.0
1130,Finland,1993,11100000.0
1131,Finland,1994,11600000.0
1132,Finland,1995,11400000.0
1133,Finland,1996,11100000.0
1134,Finland,1997,11700000.0
1135,Finland,1998,11900000.0
1136,Finland,1999,12200000.0
1137,Finland,2000,11700000.0
1138,Finland,2001,11900000.0
1139,Finland,2002,12100000.0
1140,Finland,2003,12300000.0
1141,Finland,2004,12600000.0
1142,Finland,2005,12600000.0
1143,Finland,2006,12800000.0
1144,Finland,2007,13100000.0
1145,Finland,2008,12500000.0
1146,Finland,2009,12000000.0
1147,Finland,2010,12500000.0
1148,Finland,2011,12300000.0
1149,Finland,2012,12000000.0
1150,Finland,2013,11900000.0
1151,Finland,2014,10800000.0
1154,France,1990,113500000.0
1155,France,1991,116800000.0
1156,France,1992,119400000.0
1157,France,1993,120500000.0
1158,France,1994,121400000.0
1159,France,1995,122300000.0
1160,France,1996,122100000.0
1161,France,1997,124600000.0
1162,France,1998,129100000.0
1163,France,1999,129500000.0
1164,France,2000,132500000.0
1165,France,2001,134200000.0
1166,France,2002,134100000.0
1167,France,2003,132800000.0
1168,France,2004,133100000.0
1169,France,2005,130800000.0
1170,France,2006,131100000.0
1171,France,2007,130300000.0
1172,France,2008,124300000.0
1173,France,2009,122900000.0
1174,France,2010,123300000.0
1175,France,2011,122800000.0
1176,France,2012,121800000.0
1177,France,2013,121000000.0
1178,France,2014,121100000.0
1181,Gabon,1990,300000.0
1182,Gabon,1991,400000.0
1183,Gabon,1992,400000.0
1184,Gabon,1993,400000.0
1185,Gabon,1994,300000.0
1186,Gabon,1995,300000.0
1187,Gabon,1996,300000.0
1188,Gabon,1997,400000.0
1189,Gabon,1998,400000.0
1190,Gabon,1999,400000.0
1191,Gabon,2000,300000.0
1192,Gabon,2001,400000.0
1193,Gabon,2002,400000.0
1194,Gabon,2003,400000.0
1195,Gabon,2004,400000.0
1196,Gabon,2005,400000.0
1197,Gabon,2006,400000.0
1198,Gabon,2007,400000.0
1199,Gabon,2008,400000.0
1200,Gabon,2009,400000.0
1201,Gabon,2010,600000.0
1202,Gabon,2011,700000.0
1203,Gabon,2012,800000.0
1204,Gabon,2013,800000.0
1205,Gabon,2014,800000.0
1208,Georgia,1990,3700000.0
1209,Georgia,1991,2800000.0
1210,Georgia,1992,2300000.0
1211,Georgia,1993,2000000.0
1212,Georgia,1994,1500000.0
1213,Georgia,1995,1000000.0
1214,Georgia,1996,2500000.0
1215,Georgia,1997,1900000.0
1216,Georgia,1998,1200000.0
1217,Georgia,1999,1100000.0
1218,Georgia,2000,1000000.0
1219,Georgia,2001,1200000.0
1220,Georgia,2002,1200000.0
1221,Georgia,2003,1200000.0
1222,Georgia,2004,1200000.0
1223,Georgia,2005,1500000.0
1224,Georgia,2006,1600000.0
1225,Georgia,2007,2100000.0
1226,Georgia,2008,1700000.0
1227,Georgia,2009,2200000.0
1228,Georgia,2010,2300000.0
1229,Georgia,2011,2300000.0
1230,Georgia,2012,2500000.0
1231,Georgia,2013,2800000.0
1232,Georgia,2014,3300000.0
1235,Germany,1990,158600000.0
1236,Germany,1991,161500000.0
1237,Germany,1992,164100000.0
1238,Germany,1993,168700000.0
1239,Germany,1994,166000000.0
1240,Germany,1995,167900000.0
1241,Germany,1996,169100000.0
1242,Germany,1997,169800000.0
1243,Germany,1998,172800000.0
1244,Germany,1999,177700000.0
1245,Germany,2000,173500000.0
1246,Germany,2001,169500000.0
1247,Germany,2002,167100000.0
1248,Germany,2003,164000000.0
1249,Germany,2004,164000000.0
1250,Germany,2005,155600000.0
1251,Germany,2006,153500000.0
1252,Germany,2007,148400000.0
1253,Germany,2008,148900000.0
1254,Germany,2009,147100000.0
1255,Germany,2010,148100000.0
1256,Germany,2011,149900000.0
1257,Germany,2012,148500000.0
1258,Germany,2013,152400000.0
1259,Germany,2014,154600000.0
1262,Ghana,1990,1600000.0
1263,Ghana,1991,1500000.0
1264,Ghana,1992,1800000.0
1265,Ghana,1993,1800000.0
1266,Ghana,1994,1900000.0
1267,Ghana,1995,2000000.0
1268,Ghana,1996,2200000.0
1269,Ghana,1997,2300000.0
1270,Ghana,1998,2800000.0
1271,Ghana,1999,3100000.0
1272,Ghana,2000,2900000.0
1273,Ghana,2001,2900000.0
1274,Ghana,2002,3400000.0
1275,Ghana,2003,3100000.0
1276,Ghana,2004,3600000.0
1277,Ghana,2005,3600000.0
1278,Ghana,2006,3600000.0
1279,Ghana,2007,3800000.0
1280,Ghana,2008,3700000.0
1281,Ghana,2009,5000000.0
1282,Ghana,2010,5100000.0
1283,Ghana,2011,5700000.0
1284,Ghana,2012,6800000.0
1285,Ghana,2013,7200000.0
1286,Ghana,2014,7300000.0
1289,Greece,1990,15100000.0
1290,Greece,1991,15900000.0
1291,Greece,1992,16300000.0
1292,Greece,1993,16500000.0
1293,Greece,1994,16600000.000000002
1294,Greece,1995,16700000.0
1295,Greece,1996,17200000.0
1296,Greece,1997,17800000.0
1297,Greece,1998,19400000.0
1298,Greece,1999,19600000.0
1299,Greece,2000,19100000.0
1300,Greece,2001,19800000.0
1301,Greece,2002,20000000.0
1302,Greece,2003,21000000.0
1303,Greece,2004,21400000.0
1304,Greece,2005,21800000.0
1305,Greece,2006,22300000.0
1306,Greece,2007,22900000.0
1307,Greece,2008,22200000.0
1308,Greece,2009,24800000.0
1309,Greece,2010,22000000.0
1310,Greece,2011,19600000.0
1311,Greece,2012,16399999.999999998
1312,Greece,2013,16300000.0
1313,Greece,2014,16300000.0
1316,Guatemala,1990,1700000.0
1317,Guatemala,1991,1800000.0
1318,Guatemala,1992,1900000.0
1319,Guatemala,1993,2000000.0
1320,Guatemala,1994,2200000.0
1321,Guatemala,1995,2700000.0
1322,Guatemala,1996,2700000.0
1323,Guatemala,1997,2900000.0
1324,Guatemala,1998,3400000.0
1325,Guatemala,1999,3600000.0
1326,Guatemala,2000,3800000.0
1327,Guatemala,2001,4100000.0
1328,Guatemala,2002,4400000.0
1329,Guatemala,2003,4900000.0
1330,Guatemala,2004,4700000.0
1331,Guatemala,2005,5100000.0
1332,Guatemala,2006,5200000.0
1333,Guatemala,2007,5500000.0
1334,Guatemala,2008,5000000.0
1335,Guatemala,2009,5600000.0
1336,Guatemala,2010,5700000.0
1337,Guatemala,2011,5600000.0
1338,Guatemala,2012,5600000.0
1339,Guatemala,2013,5900000.0
1340,Guatemala,2014,6500000.0
1343,Haiti,1990,400000.0
1344,Haiti,1991,400000.0
1345,Haiti,1992,400000.0
1346,Haiti,1993,400000.0
1347,Haiti,1994,100000.0
1348,Haiti,1995,500000.0
1349,Haiti,1996,600000.0
1350,Haiti,1997,600000.0
1351,Haiti,1998,600000.0
1352,Haiti,1999,700000.0
1353,Haiti,2000,700000.0
1354,Haiti,2001,800000.0
1355,Haiti,2002,800000.0
1356,Haiti,2003,800000.0
1357,Haiti,2004,1100000.0
1358,Haiti,2005,1200000.0
1359,Haiti,2006,1200000.0
1360,Haiti,2007,1300000.0
1361,Haiti,2008,1300000.0
1362,Haiti,2009,1300000.0
1363,Haiti,2010,1100000.0
1364,Haiti,2011,1100000.0
1365,Haiti,2012,1000000.0
1366,Haiti,2013,900000.0
1367,Haiti,2014,1200000.0
1370,Honduras,1990,1000000.0
1371,Honduras,1991,1000000.0
1372,Honduras,1992,1200000.0
1373,Honduras,1993,1300000.0
1374,Honduras,1994,1500000.0
1375,Honduras,1995,1500000.0
1376,Honduras,1996,1500000.0
1377,Honduras,1997,1600000.0
1378,Honduras,1998,1800000.0
1379,Honduras,1999,2100000.0
1380,Honduras,2000,2100000.0
1381,Honduras,2001,2300000.0
1382,Honduras,2002,2300000.0
1383,Honduras,2003,2300000.0
1384,Honduras,2004,2300000.0
1385,Honduras,2005,2300000.0
1386,Honduras,2006,2200000.0
1387,Honduras,2007,3200000.0
1388,Honduras,2008,3000000.0
1389,Honduras,2009,3100000.0
1390,Honduras,2010,3100000.0
1391,Honduras,2011,3200000.0
1392,Honduras,2012,3300000.0
1393,Honduras,2013,3300000.0
1394,Honduras,2014,3500000.0
1397,Hungary,1990,8400000.0
1398,Hungary,1991,7400000.0
1399,Hungary,1992,7100000.0
1400,Hungary,1993,7100000.0
1401,Hungary,1994,6900000.0
1402,Hungary,1995,7100000.0
1403,Hungary,1996,7100000.0
1404,Hungary,1997,7500000.0
1405,Hungary,1998,8400000.0
1406,Hungary,1999,8900000.0
1407,Hungary,2000,8900000.0
1408,Hungary,2001,9300000.0
1409,Hungary,2002,10000000.0
1410,Hungary,2003,10400000.0
1411,Hungary,2004,10900000.0
1412,Hungary,2005,11800000.0
1413,Hungary,2006,12600000.0
1414,Hungary,2007,13000000.0
1415,Hungary,2008,12900000.0
1416,Hungary,2009,12800000.0
1417,Hungary,2010,11600000.0
1418,Hungary,2011,10800000.0
1419,Hungary,2012,10500000.0
1420,Hungary,2013,9800000.0
1421,Hungary,2014,10900000.0
1424,Iceland,1990,600000.0
1425,Iceland,1991,600000.0
1426,Iceland,1992,600000.0
1427,Iceland,1993,600000.0
1428,Iceland,1994,700000.0
1429,Iceland,1995,600000.0
1430,Iceland,1996,700000.0
1431,Iceland,1997,600000.0
1432,Iceland,1998,600000.0
1433,Iceland,1999,600000.0
1434,Iceland,2000,600000.0
1435,Iceland,2001,600000.0
1436,Iceland,2002,600000.0
1437,Iceland,2003,600000.0
1438,Iceland,2004,700000.0
1439,Iceland,2005,700000.0
1440,Iceland,2006,900000.0
1441,Iceland,2007,1000000.0
1442,Iceland,2008,900000.0
1443,Iceland,2009,900000.0
1444,Iceland,2010,800000.0
1445,Iceland,2011,800000.0
1446,Iceland,2012,800000.0
1447,Iceland,2013,800000.0
1448,Iceland,2014,800000.0
1451,India,1990,64400000.00000001
1452,India,1991,66900000.00000001
1453,India,1992,68500000.0
1454,India,1993,68600000.0
1455,India,1994,70800000.0
1456,India,1995,78300000.0
1457,India,1996,83800000.0
1458,India,1997,85800000.0
1459,India,1998,88800000.0
1460,India,1999,93300000.0
1461,India,2000,95100000.0
1462,India,2001,94900000.0
1463,India,2002,97700000.0
1464,India,2003,99500000.0
1465,India,2004,108000000.0
1466,India,2005,114700000.0
1467,India,2006,119700000.0
1468,India,2007,141800000.0
1469,India,2008,162000000.0
1470,India,2009,177300000.0
1471,India,2010,191300000.0
1472,India,2011,207200000.0
1473,India,2012,219200000.0
1474,India,2013,223700000.0
1475,India,2014,233000000.0
1478,Indonesia,1990,32200000.000000004
1479,Indonesia,1991,35900000.0
1480,Indonesia,1992,37900000.0
1481,Indonesia,1993,40500000.0
1482,Indonesia,1994,45400000.0
1483,Indonesia,1995,49300000.0
1484,Indonesia,1996,54600000.0
1485,Indonesia,1997,60700000.0
1486,Indonesia,1998,59200000.0
1487,Indonesia,1999,58800000.0
1488,Indonesia,2000,62700000.0
1489,Indonesia,2001,66800000.0
1490,Indonesia,2002,68000000.0
1491,Indonesia,2003,69300000.0
1492,Indonesia,2004,70800000.0
1493,Indonesia,2005,70600000.0
1494,Indonesia,2006,67200000.0
1495,Indonesia,2007,68700000.0
1496,Indonesia,2008,73000000.0
1497,Indonesia,2009,82700000.0
1498,Indonesia,2010,90800000.0
1499,Indonesia,2011,110000000.0
1500,Indonesia,2012,131200000.0
1501,Indonesia,2013,137800000.0
1502,Indonesia,2014,138200000.0
1505,Iran,1990,39200000.0
1506,Iran,1991,42300000.0
1507,Iran,1992,44200000.0
1508,Iran,1993,49800000.0
1509,Iran,1994,56800000.0
1510,Iran,1995,55700000.0
1511,Iran,1996,59900000.0
1512,Iran,1997,61300000.0
1513,Iran,1998,63700000.0
1514,Iran,1999,71200000.0
1515,Iran,2000,76500000.0
1516,Iran,2001,80300000.0
1517,Iran,2002,86600000.0
1518,Iran,2003,91400000.0
1519,Iran,2004,97000000.0
1520,Iran,2005,104900000.0
1521,Iran,2006,111100000.0
1522,Iran,2007,110500000.0
1523,Iran,2008,115200000.0
1524,Iran,2009,125200000.0
1525,Iran,2010,116700000.0
1526,Iran,2011,116900000.0
1527,Iran,2012,121600000.0
1528,Iran,2013,126000000.0
1529,Iran,2014,138700000.0
1532,Iraq,1990,21800000.0
1533,Iraq,1991,18400000.0
1534,Iraq,1992,23300000.0
1535,Iraq,1993,24500000.0
1536,Iraq,1994,24800000.0
1537,Iraq,1995,24700000.0
1538,Iraq,1996,24200000.0
1539,Iraq,1997,23800000.0
1540,Iraq,1998,24200000.0
1541,Iraq,1999,24200000.0
1542,Iraq,2000,26400000.0
1543,Iraq,2001,28800000.0
1544,Iraq,2002,27800000.0
1545,Iraq,2003,21600000.0
1546,Iraq,2004,24100000.0
1547,Iraq,2005,26000000.0
1548,Iraq,2006,25900000.0
1549,Iraq,2007,25900000.0
1550,Iraq,2008,24700000.0
1551,Iraq,2009,25400000.0
1552,Iraq,2010,28000000.0
1553,Iraq,2011,33000000.0
1554,Iraq,2012,35700000.0
1555,Iraq,2013,35400000.0
1556,Iraq,2014,29000000.0
1559,Ireland,1990,4900000.0
1560,Ireland,1991,5100000.0
1561,Ireland,1992,5500000.0
1562,Ireland,1993,5500000.0
1563,Ireland,1994,5800000.0
1564,Ireland,1995,5900000.0
1565,Ireland,1996,6900000.0
1566,Ireland,1997,7300000.0
1567,Ireland,1998,8600000.0
1568,Ireland,1999,9600000.0
1569,Ireland,2000,10400000.0
1570,Ireland,2001,10900000.0
1571,Ireland,2002,11100000.0
1572,Ireland,2003,11300000.0
1573,Ireland,2004,12000000.0
1574,Ireland,2005,12800000.0
1575,Ireland,2006,14000000.0
1576,Ireland,2007,14500000.0
1577,Ireland,2008,13700000.0
1578,Ireland,2009,12400000.0
1579,Ireland,2010,11700000.0
1580,Ireland,2011,10800000.0
1581,Ireland,2012,10500000.0
1582,Ireland,2013,10600000.0
1583,Ireland,2014,11100000.0
1586,Israel,1990,8000000.0
1587,Israel,1991,8300000.000000001
1588,Israel,1992,9100000.0
1589,Israel,1993,9500000.0
1590,Israel,1994,10300000.0
1591,Israel,1995,11300000.0
1592,Israel,1996,11900000.0
1593,Israel,1997,12700000.0
1594,Israel,1998,11800000.0
1595,Israel,1999,12500000.0
1596,Israel,2000,13400000.0
1597,Israel,2001,13300000.0
1598,Israel,2002,13800000.0
1599,Israel,2003,14300000.0
1600,Israel,2004,14200000.0
1601,Israel,2005,13500000.0
1602,Israel,2006,13800000.0
1603,Israel,2007,14500000.0
1604,Israel,2008,16000000.0
1605,Israel,2009,15700000.0
1606,Israel,2010,16399999.999999998
1607,Israel,2011,15700000.0
1608,Israel,2012,17200000.0
1609,Israel,2013,15900000.0
1610,Israel,2014,16000000.0
1613,Italy,1990,96100000.0
1614,Italy,1991,97900000.0
1615,Italy,1992,103000000.0
1616,Italy,1993,104900000.0
1617,Italy,1994,104600000.0
1618,Italy,1995,106900000.0
1619,Italy,1996,108700000.0
1620,Italy,1997,110300000.0
1621,Italy,1998,113400000.0
1622,Italy,1999,116300000.0
1623,Italy,2000,116400000.0
1624,Italy,2001,118500000.0
1625,Italy,2002,120700000.0
1626,Italy,2003,121800000.0
1627,Italy,2004,124000000.0
1628,Italy,2005,123000000.0
1629,Italy,2006,124300000.0
1630,Italy,2007,124700000.0
1631,Italy,2008,117900000.0
1632,Italy,2009,111800000.0
1633,Italy,2010,109200000.0
1634,Italy,2011,109200000.0
1635,Italy,2012,102500000.0
1636,Italy,2013,100700000.0
1637,Italy,2014,105400000.0
1640,Jamaica,1990,1100000.0
1641,Jamaica,1991,1000000.0
1642,Jamaica,1992,1100000.0
1643,Jamaica,1993,1200000.0
1644,Jamaica,1994,1200000.0
1645,Jamaica,1995,1400000.0
1646,Jamaica,1996,1600000.0
1647,Jamaica,1997,1700000.0
1648,Jamaica,1998,1800000.0
1649,Jamaica,1999,1900000.0
1650,Jamaica,2000,1900000.0
1651,Jamaica,2001,1900000.0
1652,Jamaica,2002,2100000.0
1653,Jamaica,2003,2100000.0
1654,Jamaica,2004,2100000.0
1655,Jamaica,2005,2200000.0
1656,Jamaica,2006,2100000.0
1657,Jamaica,2007,2100000.0
1658,Jamaica,2008,2000000.0
1659,Jamaica,2009,2000000.0
1660,Jamaica,2010,1900000.0
1661,Jamaica,2011,1800000.0
1662,Jamaica,2012,1600000.0
1663,Jamaica,2013,1700000.0
1664,Jamaica,2014,1700000.0
1667,Japan,1990,200700000.0
1668,Japan,1991,212400000.0
1669,Japan,1992,219000000.0
1670,Japan,1993,222800000.0
1671,Japan,1994,232200000.0
1672,Japan,1995,241700000.0
1673,Japan,1996,248400000.0
1674,Japan,1997,249900000.0
1675,Japan,1998,248200000.0
1676,Japan,1999,252200000.0
1677,Japan,2000,251500000.0
1678,Japan,2001,255600000.0
1679,Japan,2002,252200000.0
1680,Japan,2003,248300000.0
1681,Japan,2004,243000000.0
1682,Japan,2005,237600000.0
1683,Japan,2006,234500000.0
1684,Japan,2007,231600000.0
1685,Japan,2008,224100000.0
1686,Japan,2009,220600000.0
1687,Japan,2010,220800000.0
1688,Japan,2011,216300000.0
1689,Japan,2012,217200000.0
1690,Japan,2013,215000000.0
1691,Japan,2014,210200000.0
1694,Jordan,1990,2700000.0
1695,Jordan,1991,2500000.0
1696,Jordan,1992,2700000.0
1697,Jordan,1993,2800000.0
1698,Jordan,1994,2800000.0
1699,Jordan,1995,3000000.0
1700,Jordan,1996,3100000.0
1701,Jordan,1997,3200000.0
1702,Jordan,1998,3300000.0
1703,Jordan,1999,3300000.0
1704,Jordan,2000,3600000.0
1705,Jordan,2001,3700000.0
1706,Jordan,2002,3800000.0
1707,Jordan,2003,3800000.0
1708,Jordan,2004,4400000.0
1709,Jordan,2005,4900000.0
1710,Jordan,2006,4800000.0
1711,Jordan,2007,5100000.0
1712,Jordan,2008,4600000.0
1713,Jordan,2009,5200000.0
1714,Jordan,2010,5200000.0
1715,Jordan,2011,5300000.0
1716,Jordan,2012,6900000.0
1717,Jordan,2013,7100000.0
1718,Jordan,2014,7000000.0
1721,Kazakhstan,1990,14400000.0
1722,Kazakhstan,1991,18100000.0
1723,Kazakhstan,1992,15800000.0
1724,Kazakhstan,1993,13200000.0
1725,Kazakhstan,1994,9000000.0
1726,Kazakhstan,1995,9200000.0
1727,Kazakhstan,1996,8199999.999999999
1728,Kazakhstan,1997,7000000.0
1729,Kazakhstan,1998,7900000.0
1730,Kazakhstan,1999,5800000.0
1731,Kazakhstan,2000,9400000.0
1732,Kazakhstan,2001,8199999.999999999
1733,Kazakhstan,2002,9100000.0
1734,Kazakhstan,2003,8700000.0
1735,Kazakhstan,2004,9200000.0
1736,Kazakhstan,2005,9600000.0
1737,Kazakhstan,2006,10500000.0
1738,Kazakhstan,2007,12100000.0
1739,Kazakhstan,2008,13800000.0
1740,Kazakhstan,2009,12400000.0
1741,Kazakhstan,2010,13200000.0
1742,Kazakhstan,2011,13500000.0
1743,Kazakhstan,2012,14600000.0
1744,Kazakhstan,2013,13700000.0
1745,Kazakhstan,2014,13700000.0
1748,Kenya,1990,2700000.0
1749,Kenya,1991,2800000.0
1750,Kenya,1992,2600000.0
1751,Kenya,1993,2400000.0
1752,Kenya,1994,2300000.0
1753,Kenya,1995,2500000.0
1754,Kenya,1996,2700000.0
1755,Kenya,1997,2600000.0
1756,Kenya,1998,2700000.0
1757,Kenya,1999,2700000.0
1758,Kenya,2000,2700000.0
1759,Kenya,2001,2700000.0
1760,Kenya,2002,2800000.0
1761,Kenya,2003,2500000.0
1762,Kenya,2004,2700000.0
1763,Kenya,2005,2900000.0
1764,Kenya,2006,3200000.0
1765,Kenya,2007,3200000.0
1766,Kenya,2008,3300000.0
1767,Kenya,2009,4200000.0
1768,Kenya,2010,5000000.0
1769,Kenya,2011,4600000.0
1770,Kenya,2012,4900000.0
1771,Kenya,2013,5800000.0
1772,Kenya,2014,6500000.0
1775,Kuwait,1990,2800000.0
1776,Kuwait,1991,1900000.0
1777,Kuwait,1992,4500000.0
1778,Kuwait,1993,4800000.0
1779,Kuwait,1994,5000000.0
1780,Kuwait,1995,5300000.0
1781,Kuwait,1996,5400000.0
1782,Kuwait,1997,5700000.0
1783,Kuwait,1998,5800000.0
1784,Kuwait,1999,6000000.0
1785,Kuwait,2000,6000000.0
1786,Kuwait,2001,6100000.0
1787,Kuwait,2002,6500000.0
1788,Kuwait,2003,7100000.0
1789,Kuwait,2004,7500000.0
1790,Kuwait,2005,8199999.999999999
1791,Kuwait,2006,9300000.0
1792,Kuwait,2007,9600000.0
1793,Kuwait,2008,10500000.0
1794,Kuwait,2009,11700000.0
1795,Kuwait,2010,12500000.0
1796,Kuwait,2011,11700000.0
1797,Kuwait,2012,12500000.0
1798,Kuwait,2013,13100000.0
1799,Kuwait,2014,13300000.0
1802,Kyrgyzstan,1990,6000000.0
1803,Kyrgyzstan,1991,4700000.0
1804,Kyrgyzstan,1992,2700000.0
1805,Kyrgyzstan,1993,1600000.0
1806,Kyrgyzstan,1994,500000.0
1807,Kyrgyzstan,1995,1100000.0
1808,Kyrgyzstan,1996,1200000.0
1809,Kyrgyzstan,1997,1300000.0
1810,Kyrgyzstan,1998,1200000.0
1811,Kyrgyzstan,1999,1100000.0
1812,Kyrgyzstan,2000,900000.0
1813,Kyrgyzstan,2001,900000.0
1814,Kyrgyzstan,2002,800000.0
1815,Kyrgyzstan,2003,900000.0
1816,Kyrgyzstan,2004,1200000.0
1817,Kyrgyzstan,2005,1100000.0
1818,Kyrgyzstan,2006,1200000.0
1819,Kyrgyzstan,2007,1700000.0
1820,Kyrgyzstan,2008,2000000.0
1821,Kyrgyzstan,2009,2300000.0
1822,Kyrgyzstan,2010,2000000.0
1823,Kyrgyzstan,2011,2800000.0
1824,Kyrgyzstan,2012,3900000.0
1825,Kyrgyzstan,2013,3900000.0
1826,Kyrgyzstan,2014,3200000.0
1829,Latvia,1990,3100000.0
1830,Latvia,1991,2800000.0
1831,Latvia,1992,2400000.0
1832,Latvia,1993,2300000.0
1833,Latvia,1994,2100000.0
1834,Latvia,1995,2000000.0
1835,Latvia,1996,1900000.0
1836,Latvia,1997,2000000.0
1837,Latvia,1998,1900000.0
1838,Latvia,1999,1900000.0
1839,Latvia,2000,2100000.0
1840,Latvia,2001,2500000.0
1841,Latvia,2002,2600000.0
1842,Latvia,2003,2700000.0
1843,Latvia,2004,2900000.0
1844,Latvia,2005,3000000.0
1845,Latvia,2006,3300000.0
1846,Latvia,2007,3800000.0
1847,Latvia,2008,3500000.0
1848,Latvia,2009,3100000.0
1849,Latvia,2010,3200000.0
1850,Latvia,2011,2800000.0
1851,Latvia,2012,2700000.0
1852,Latvia,2013,2800000.0
1853,Latvia,2014,2900000.0
1856,Lebanon,1990,1900000.0
1857,Lebanon,1991,2300000.0
1858,Lebanon,1992,3200000.0
1859,Lebanon,1993,3800000.0
1860,Lebanon,1994,3500000.0
1861,Lebanon,1995,4200000.0
1862,Lebanon,1996,4300000.0
1863,Lebanon,1997,4200000.0
1864,Lebanon,1998,4500000.0
1865,Lebanon,1999,4200000.0
1866,Lebanon,2000,4000000.0
1867,Lebanon,2001,3700000.0
1868,Lebanon,2002,3700000.0
1869,Lebanon,2003,4000000.0
1870,Lebanon,2004,4000000.0
1871,Lebanon,2005,4000000.0
1872,Lebanon,2006,3900000.0
1873,Lebanon,2007,3100000.0
1874,Lebanon,2008,4500000.0
1875,Lebanon,2009,5100000.0
1876,Lebanon,2010,5100000.0
1877,Lebanon,2011,5100000.0
1878,Lebanon,2012,5400000.0
1879,Lebanon,2013,5100000.0
1880,Lebanon,2014,5500000.0
1883,Libya,1990,6200000.0
1884,Libya,1991,6200000.0
1885,Libya,1992,6300000.0
1886,Libya,1993,7400000.0
1887,Libya,1994,8800000.0
1888,Libya,1995,9500000.0
1889,Libya,1996,10500000.0
1890,Libya,1997,10100000.0
1891,Libya,1998,9900000.0
1892,Libya,1999,11000000.0
1893,Libya,2000,11100000.0
1894,Libya,2001,11500000.0
1895,Libya,2002,11700000.0
1896,Libya,2003,11900000.0
1897,Libya,2004,12400000.0
1898,Libya,2005,12700000.0
1899,Libya,2006,12800000.0
1900,Libya,2007,11600000.0
1901,Libya,2008,13300000.0
1902,Libya,2009,15500000.0
1903,Libya,2010,18100000.0
1904,Libya,2011,13600000.0
1905,Libya,2012,16800000.0
1906,Libya,2013,17600000.0
1907,Libya,2014,19500000.0
1910,Lithuania,1990,5500000.0
1911,Lithuania,1991,6100000.0
1912,Lithuania,1992,4000000.0
1913,Lithuania,1993,3100000.0
1914,Lithuania,1994,2400000.0
1915,Lithuania,1995,2900000.0
1916,Lithuania,1996,3200000.0
1917,Lithuania,1997,3600000.0
1918,Lithuania,1998,3800000.0
1919,Lithuania,1999,3400000.0
1920,Lithuania,2000,3000000.0
1921,Lithuania,2001,3300000.0
1922,Lithuania,2002,3400000.0
1923,Lithuania,2003,3500000.0
1924,Lithuania,2004,3800000.0
1925,Lithuania,2005,4100000.0
1926,Lithuania,2006,4300000.0
1927,Lithuania,2007,5000000.0
1928,Lithuania,2008,5000000.0
1929,Lithuania,2009,4100000.0
1930,Lithuania,2010,4300000.0
1931,Lithuania,2011,4300000.0
1932,Lithuania,2012,4300000.0
1933,Lithuania,2013,4300000.0
1934,Lithuania,2014,4800000.0
1937,Luxembourg,1990,2600000.0
1938,Luxembourg,1991,3100000.0
1939,Luxembourg,1992,3400000.0
1940,Luxembourg,1993,3500000.0
1941,Luxembourg,1994,3500000.0
1942,Luxembourg,1995,3300000.0
1943,Luxembourg,1996,3400000.0
1944,Luxembourg,1997,3700000.0
1945,Luxembourg,1998,3800000.0
1946,Luxembourg,1999,4200000.0
1947,Luxembourg,2000,4900000.0
1948,Luxembourg,2001,5100000.0
1949,Luxembourg,2002,5300000.0
1950,Luxembourg,2003,5900000.0
1951,Luxembourg,2004,6800000.0
1952,Luxembourg,2005,7200000.0
1953,Luxembourg,2006,6900000.0
1954,Luxembourg,2007,6600000.0
1955,Luxembourg,2008,6700000.0
1956,Luxembourg,2009,6200000.0
1957,Luxembourg,2010,6500000.0
1958,Luxembourg,2011,6900000.0
1959,Luxembourg,2012,6600000.0
1960,Luxembourg,2013,6500000.0
1961,Luxembourg,2014,6200000.0
1964,Malaysia,1990,14600000.0
1965,Malaysia,1991,15700000.0
1966,Malaysia,1992,16700000.0
1967,Malaysia,1993,17400000.0
1968,Malaysia,1994,19300000.0
1969,Malaysia,1995,20500000.0
1970,Malaysia,1996,23400000.0
1971,Malaysia,1997,26900000.0
1972,Malaysia,1998,25100000.0
1973,Malaysia,1999,30400000.0
1974,Malaysia,2000,32200000.000000004
1975,Malaysia,2001,35000000.0
1976,Malaysia,2002,35800000.0
1977,Malaysia,2003,38100000.0
1978,Malaysia,2004,41000000.0
1979,Malaysia,2005,40700000.0
1980,Malaysia,2006,39000000.0
1981,Malaysia,2007,41500000.0
1982,Malaysia,2008,43600000.0
1983,Malaysia,2009,42700000.0
1984,Malaysia,2010,44100000.0
1985,Malaysia,2011,44600000.0
1986,Malaysia,2012,44600000.0
1987,Malaysia,2013,58500000.0
1988,Malaysia,2014,65500000.0
1991,Malta,1990,500000.0
1992,Malta,1991,500000.0
1993,Malta,1992,500000.0
1994,Malta,1993,600000.0
1995,Malta,1994,600000.0
1996,Malta,1995,700000.0
1997,Malta,1996,500000.0
1998,Malta,1997,700000.0
1999,Malta,1998,700000.0
2000,Malta,1999,600000.0
2001,Malta,2000,500000.0
2002,Malta,2001,400000.0
2003,Malta,2002,300000.0
2004,Malta,2003,400000.0
2005,Malta,2004,400000.0
2006,Malta,2005,500000.0
2007,Malta,2006,500000.0
2008,Malta,2007,500000.0
2009,Malta,2008,600000.0
2010,Malta,2009,500000.0
2011,Malta,2010,600000.0
2012,Malta,2011,600000.0
2013,Malta,2012,500000.0
2014,Malta,2013,600000.0
2015,Malta,2014,500000.0
2018,Mauritius,1990,400000.0
2019,Mauritius,1991,500000.0
2020,Mauritius,1992,500000.0
2021,Mauritius,1993,500000.0
2022,Mauritius,1994,500000.0
2023,Mauritius,1995,500000.0
2024,Mauritius,1996,500000.0
2025,Mauritius,1997,500000.0
2026,Mauritius,1998,500000.0
2027,Mauritius,1999,700000.0
2028,Mauritius,2000,800000.0
2029,Mauritius,2001,800000.0
2030,Mauritius,2002,800000.0
2031,Mauritius,2003,800000.0
2032,Mauritius,2004,800000.0
2033,Mauritius,2005,900000.0
2034,Mauritius,2006,900000.0
2035,Mauritius,2007,800000.0
2036,Mauritius,2008,800000.0
2037,Mauritius,2009,900000.0
2038,Mauritius,2010,900000.0
2039,Mauritius,2011,900000.0
2040,Mauritius,2012,1000000.0
2041,Mauritius,2013,1000000.0
2042,Mauritius,2014,1000000.0
2045,Mexico,1990,83500000.0
2046,Mexico,1991,89400000.0
2047,Mexico,1992,89700000.0
2048,Mexico,1993,91800000.0
2049,Mexico,1994,97400000.0
2050,Mexico,1995,89400000.0
2051,Mexico,1996,91700000.0
2052,Mexico,1997,95700000.0
2053,Mexico,1998,98300000.0
2054,Mexico,1999,101100000.0
2055,Mexico,2000,105600000.0
2056,Mexico,2001,107900000.0
2057,Mexico,2002,109800000.0
2058,Mexico,2003,116400000.0
2059,Mexico,2004,122800000.0
2060,Mexico,2005,130200000.0
2061,Mexico,2006,137400000.0
2062,Mexico,2007,145200000.0
2063,Mexico,2008,151200000.0
2064,Mexico,2009,147700000.0
2065,Mexico,2010,150600000.0
2066,Mexico,2011,151700000.0
2067,Mexico,2012,152500000.0
2068,Mexico,2013,150600000.0
2069,Mexico,2014,151200000.0
2072,Moldova,1990,2400000.0
2073,Moldova,1991,2300000.0
2074,Moldova,1992,2200000.0
2075,Moldova,1993,1400000.0
2076,Moldova,1994,1300000.0
2077,Moldova,1995,1300000.0
2078,Moldova,1996,1400000.0
2079,Moldova,1997,1400000.0
2080,Moldova,1998,1100000.0
2081,Moldova,1999,700000.0
2082,Moldova,2000,700000.0
2083,Moldova,2001,700000.0
2084,Moldova,2002,1000000.0
2085,Moldova,2003,1100000.0
2086,Moldova,2004,1300000.0
2087,Moldova,2005,1200000.0
2088,Moldova,2006,1200000.0
2089,Moldova,2007,1300000.0
2090,Moldova,2008,1600000.0
2091,Moldova,2009,1500000.0
2092,Moldova,2010,1700000.0
2093,Moldova,2011,1900000.0
2094,Moldova,2012,1600000.0
2095,Moldova,2013,1700000.0
2096,Moldova,2014,1800000.0
2099,Mongolia,1990,1500000.0
2100,Mongolia,1991,1000000.0
2101,Mongolia,1992,900000.0
2102,Mongolia,1993,1000000.0
2103,Mongolia,1994,700000.0
2104,Mongolia,1995,800000.0
2105,Mongolia,1996,900000.0
2106,Mongolia,1997,800000.0
2107,Mongolia,1998,800000.0
2108,Mongolia,1999,800000.0
2109,Mongolia,2000,1000000.0
2110,Mongolia,2001,900000.0
2111,Mongolia,2002,1000000.0
2112,Mongolia,2003,1000000.0
2113,Mongolia,2004,1200000.0
2114,Mongolia,2005,1000000.0
2115,Mongolia,2006,1300000.0
2116,Mongolia,2007,1500000.0
2117,Mongolia,2008,1600000.0
2118,Mongolia,2009,1500000.0
2119,Mongolia,2010,1500000.0
2120,Mongolia,2011,1700000.0
2121,Mongolia,2012,1900000.0
2122,Mongolia,2013,1900000.0
2123,Mongolia,2014,2000000.0
2126,Montenegro,2005,500000.0
2127,Montenegro,2006,500000.0
2128,Montenegro,2007,600000.0
2129,Montenegro,2008,600000.0
2130,Montenegro,2009,600000.0
2131,Montenegro,2010,700000.0
2132,Montenegro,2011,600000.0
2133,Montenegro,2012,600000.0
2134,Montenegro,2013,500000.0
2135,Montenegro,2014,500000.0
2138,Morocco,1990,3900000.0
2139,Morocco,1991,4300000.0
2140,Morocco,1992,4800000.0
2141,Morocco,1993,5200000.0
2142,Morocco,1994,5600000.0
2143,Morocco,1995,6000000.0
2144,Morocco,1996,6400000.0
2145,Morocco,1997,6800000.0
2146,Morocco,1998,7300000.0
2147,Morocco,1999,7800000.0
2148,Morocco,2000,8199999.999999999
2149,Morocco,2001,8600000.0
2150,Morocco,2002,9000000.0
2151,Morocco,2003,9400000.0
2152,Morocco,2004,9800000.0
2153,Morocco,2005,10200000.0
2154,Morocco,2006,10500000.0
2155,Morocco,2007,11200000.0
2156,Morocco,2008,12200000.0
2157,Morocco,2009,12900000.0
2158,Morocco,2010,13600000.0
2159,Morocco,2011,14400000.0
2160,Morocco,2012,14600000.0
2161,Morocco,2013,15200000.0
2162,Morocco,2014,15400000.0
2165,Mozambique,1990,600000.0
2166,Mozambique,1991,500000.0
2167,Mozambique,1992,700000.0
2168,Mozambique,1993,900000.0
2169,Mozambique,1994,700000.0
2170,Mozambique,1995,700000.0
2171,Mozambique,1996,800000.0
2172,Mozambique,1997,800000.0
2173,Mozambique,1998,800000.0
2174,Mozambique,1999,800000.0
2175,Mozambique,2000,800000.0
2176,Mozambique,2001,800000.0
2177,Mozambique,2002,900000.0
2178,Mozambique,2003,1100000.0
2179,Mozambique,2004,1100000.0
2180,Mozambique,2005,1000000.0
2181,Mozambique,2006,1100000.0
2182,Mozambique,2007,1400000.0
2183,Mozambique,2008,1400000.0
2184,Mozambique,2009,1500000.0
2185,Mozambique,2010,1700000.0
2186,Mozambique,2011,2000000.0
2187,Mozambique,2012,1900000.0
2188,Mozambique,2013,2100000.0
2189,Mozambique,2014,2200000.0
2192,Myanmar,1990,1300000.0
2193,Myanmar,1991,1300000.0
2194,Myanmar,1992,1000000.0
2195,Myanmar,1993,1600000.0
2196,Myanmar,1994,1800000.0
2197,Myanmar,1995,2700000.0
2198,Myanmar,1996,2900000.0
2199,Myanmar,1997,2400000.0
2200,Myanmar,1998,3000000.0
2201,Myanmar,1999,3000000.0
2202,Myanmar,2000,3500000.0
2203,Myanmar,2001,2800000.0
2204,Myanmar,2002,3500000.0
2205,Myanmar,2003,3900000.0
2206,Myanmar,2004,4300000.0
2207,Myanmar,2005,4700000.0
2208,Myanmar,2006,4000000.0
2209,Myanmar,2007,4500000.0
2210,Myanmar,2008,2100000.0
2211,Myanmar,2009,2300000.0
2212,Myanmar,2010,2300000.0
2213,Myanmar,2011,2400000.0
2214,Myanmar,2012,3000000.0
2215,Myanmar,2013,3500000.0
2216,Myanmar,2014,4000000.0
2219,Namibia,1991,500000.0
2220,Namibia,1992,500000.0
2221,Namibia,1993,500000.0
2222,Namibia,1994,600000.0
2223,Namibia,1995,600000.0
2224,Namibia,1996,1000000.0
2225,Namibia,1997,1100000.0
2226,Namibia,1998,1100000.0
2227,Namibia,1999,1100000.0
2228,Namibia,2000,1100000.0
2229,Namibia,2001,1400000.0
2230,Namibia,2002,1200000.0
2231,Namibia,2003,1200000.0
2232,Namibia,2004,1300000.0
2233,Namibia,2005,1500000.0
2234,Namibia,2006,1400000.0
2235,Namibia,2007,1400000.0
2236,Namibia,2008,1500000.0
2237,Namibia,2009,1700000.0
2238,Namibia,2010,1800000.0
2239,Namibia,2011,1800000.0
2240,Namibia,2012,1700000.0
2241,Namibia,2013,1900000.0
2242,Namibia,2014,2000000.0
2245,Nepal,1990,300000.0
2246,Nepal,1991,400000.0
2247,Nepal,1992,400000.0
2248,Nepal,1993,500000.0
2249,Nepal,1994,600000.0
2250,Nepal,1995,600000.0
2251,Nepal,1996,600000.0
2252,Nepal,1997,700000.0
2253,Nepal,1998,800000.0
2254,Nepal,1999,800000.0
2255,Nepal,2000,800000.0
2256,Nepal,2001,800000.0
2257,Nepal,2002,800000.0
2258,Nepal,2003,800000.0
2259,Nepal,2004,800000.0
2260,Nepal,2005,800000.0
2261,Nepal,2006,900000.0
2262,Nepal,2007,900000.0
2263,Nepal,2008,1300000.0
2264,Nepal,2009,1800000.0
2265,Nepal,2010,1900000.0
2266,Nepal,2011,2000000.0
2267,Nepal,2012,2200000.0
2268,Nepal,2013,2400000.0
2269,Nepal,2014,2700000.0
2272,Netherlands,1990,27100000.0
2273,Netherlands,1991,27500000.0
2274,Netherlands,1992,29000000.0
2275,Netherlands,1993,29900000.0
2276,Netherlands,1994,29300000.0
2277,Netherlands,1995,29600000.0
2278,Netherlands,1996,30800000.0
2279,Netherlands,1997,30800000.0
2280,Netherlands,1998,31500000.0
2281,Netherlands,1999,32100000.0
2282,Netherlands,2000,32100000.0
2283,Netherlands,2001,32400000.0
2284,Netherlands,2002,33100000.0
2285,Netherlands,2003,33700000.0
2286,Netherlands,2004,34200000.0
2287,Netherlands,2005,34400000.0
2288,Netherlands,2006,35300000.0
2289,Netherlands,2007,34600000.0
2290,Netherlands,2008,35000000.0
2291,Netherlands,2009,33400000.0
2292,Netherlands,2010,34100000.0
2293,Netherlands,2011,34100000.0
2294,Netherlands,2012,32700000.000000004
2295,Netherlands,2013,31800000.0
2296,Netherlands,2014,29500000.0
2299,New Zealand,1990,8700000.0
2300,New Zealand,1991,8700000.0
2301,New Zealand,1992,9000000.0
2302,New Zealand,1993,9400000.0
2303,New Zealand,1994,10100000.0
2304,New Zealand,1995,10800000.0
2305,New Zealand,1996,10900000.0
2306,New Zealand,1997,11100000.0
2307,New Zealand,1998,11300000.0
2308,New Zealand,1999,11600000.0
2309,New Zealand,2000,12100000.0
2310,New Zealand,2001,12200000.0
2311,New Zealand,2002,12600000.0
2312,New Zealand,2003,13200000.0
2313,New Zealand,2004,13500000.0
2314,New Zealand,2005,13500000.0
2315,New Zealand,2006,13700000.0
2316,New Zealand,2007,13800000.0
2317,New Zealand,2008,13900000.0
2318,New Zealand,2009,13600000.0
2319,New Zealand,2010,13600000.0
2320,New Zealand,2011,13600000.0
2321,New Zealand,2012,13500000.0
2322,New Zealand,2013,13700000.0
2323,New Zealand,2014,13800000.0
2326,Nicaragua,1990,700000.0
2327,Nicaragua,1991,800000.0
2328,Nicaragua,1992,900000.0
2329,Nicaragua,1993,1000000.0
2330,Nicaragua,1994,1000000.0
2331,Nicaragua,1995,1100000.0
2332,Nicaragua,1996,1200000.0
2333,Nicaragua,1997,1200000.0
2334,Nicaragua,1998,1300000.0
2335,Nicaragua,1999,1400000.0
2336,Nicaragua,2000,1500000.0
2337,Nicaragua,2001,1500000.0
2338,Nicaragua,2002,1500000.0
2339,Nicaragua,2003,1500000.0
2340,Nicaragua,2004,1500000.0
2341,Nicaragua,2005,1500000.0
2342,Nicaragua,2006,1500000.0
2343,Nicaragua,2007,1600000.0
2344,Nicaragua,2008,1500000.0
2345,Nicaragua,2009,1500000.0
2346,Nicaragua,2010,1600000.0
2347,Nicaragua,2011,1700000.0
2348,Nicaragua,2012,1800000.0
2349,Nicaragua,2013,1800000.0
2350,Nicaragua,2014,2000000.0
2353,Niger,2000,300000.0
2354,Niger,2001,400000.0
2355,Niger,2002,400000.0
2356,Niger,2003,400000.0
2357,Niger,2004,400000.0
2358,Niger,2005,400000.0
2359,Niger,2006,400000.0
2360,Niger,2007,500000.0
2361,Niger,2008,500000.0
2362,Niger,2009,700000.0
2363,Niger,2010,800000.0
2364,Niger,2011,800000.0
2365,Niger,2012,1000000.0
2366,Niger,2013,1100000.0
2367,Niger,2014,1200000.0
2370,Nigeria,1990,11800000.0
2371,Nigeria,1991,15300000.0
2372,Nigeria,1992,18700000.0
2373,Nigeria,1993,16100000.000000002
2374,Nigeria,1994,12900000.0
2375,Nigeria,1995,14900000.0
2376,Nigeria,1996,17100000.0
2377,Nigeria,1997,21900000.0
2378,Nigeria,1998,18000000.0
2379,Nigeria,1999,19600000.0
2380,Nigeria,2000,21900000.0
2381,Nigeria,2001,26600000.0
2382,Nigeria,2002,27600000.0
2383,Nigeria,2003,29100000.0
2384,Nigeria,2004,29600000.0
2385,Nigeria,2005,28700000.0
2386,Nigeria,2006,24100000.0
2387,Nigeria,2007,21000000.0
2388,Nigeria,2008,25200000.0
2389,Nigeria,2009,23500000.0
2390,Nigeria,2010,27800000.0
2391,Nigeria,2011,24900000.0
2392,Nigeria,2012,25600000.0
2393,Nigeria,2013,44300000.0
2394,Nigeria,2014,48800000.0
2397,North Korea,1990,4700000.0
2398,North Korea,1991,4200000.0
2399,North Korea,1992,3400000.0
2400,North Korea,1993,3100000.0
2401,North Korea,1994,2100000.0
2402,North Korea,1995,2500000.0
2403,North Korea,1996,2000000.0
2404,North Korea,1997,1100000.0
2405,North Korea,1998,2100000.0
2406,North Korea,1999,900000.0
2407,North Korea,2000,1700000.0
2408,North Korea,2001,1600000.0
2409,North Korea,2002,1600000.0
2410,North Korea,2003,1500000.0
2411,North Korea,2004,1500000.0
2412,North Korea,2005,1300000.0
2413,North Korea,2006,1000000.0
2414,North Korea,2007,1200000.0
2415,North Korea,2008,1200000.0
2416,North Korea,2009,1300000.0
2417,North Korea,2010,1300000.0
2418,North Korea,2011,1300000.0
2419,North Korea,2012,1300000.0
2420,North Korea,2013,1400000.0
2421,North Korea,2014,1300000.0
2424,North Macedonia,1990,800000.0
2425,North Macedonia,1991,800000.0
2426,North Macedonia,1992,800000.0
2427,North Macedonia,1993,1500000.0
2428,North Macedonia,1994,900000.0
2429,North Macedonia,1995,900000.0
2430,North Macedonia,1996,1700000.0
2431,North Macedonia,1997,1500000.0
2432,North Macedonia,1998,1000000.0
2433,North Macedonia,1999,1100000.0
2434,North Macedonia,2000,1000000.0
2435,North Macedonia,2001,900000.0
2436,North Macedonia,2002,1000000.0
2437,North Macedonia,2003,1000000.0
2438,North Macedonia,2004,1000000.0
2439,North Macedonia,2005,1000000.0
2440,North Macedonia,2006,1000000.0
2441,North Macedonia,2007,1200000.0
2442,North Macedonia,2008,1200000.0
2443,North Macedonia,2009,1300000.0
2444,North Macedonia,2010,1300000.0
2445,North Macedonia,2011,1400000.0
2446,North Macedonia,2012,1400000.0
2447,North Macedonia,2013,1500000.0
2448,North Macedonia,2014,1600000.0
2451,Norway,1990,10000000.0
2452,Norway,1991,10200000.0
2453,Norway,1992,10400000.0
2454,Norway,1993,11000000.0
2455,Norway,1994,10800000.0
2456,Norway,1995,11500000.0
2457,Norway,1996,12000000.0
2458,Norway,1997,12200000.0
2459,Norway,1998,12700000.0
2460,Norway,1999,12900000.0
2461,Norway,2000,12100000.0
2462,Norway,2001,12300000.0
2463,Norway,2002,12300000.0
2464,Norway,2003,12600000.0
2465,Norway,2004,13000000.0
2466,Norway,2005,13100000.0
2467,Norway,2006,13700000.0
2468,Norway,2007,14300000.0
2469,Norway,2008,13900000.0
2470,Norway,2009,13600000.0
2471,Norway,2010,14400000.0
2472,Norway,2011,14500000.0
2473,Norway,2012,14500000.0
2474,Norway,2013,14100000.0
2475,Norway,2014,14000000.0
2478,Oman,1990,1700000.0
2479,Oman,1991,1800000.0
2480,Oman,1992,2000000.0
2481,Oman,1993,2100000.0
2482,Oman,1994,2100000.0
2483,Oman,1995,2200000.0
2484,Oman,1996,2300000.0
2485,Oman,1997,2400000.0
2486,Oman,1998,2500000.0
2487,Oman,1999,2500000.0
2488,Oman,2000,2600000.0
2489,Oman,2001,2900000.0
2490,Oman,2002,2800000.0
2491,Oman,2003,3000000.0
2492,Oman,2004,3200000.0
2493,Oman,2005,3700000.0
2494,Oman,2006,4100000.0
2495,Oman,2007,6200000.0
2496,Oman,2008,7300000.0
2497,Oman,2009,7400000.0
2498,Oman,2010,8199999.999999999
2499,Oman,2011,9500000.0
2500,Oman,2012,10800000.0
2501,Oman,2013,11900000.0
2502,Oman,2014,12400000.0
2505,Pakistan,1990,13800000.0
2506,Pakistan,1991,14300000.0
2507,Pakistan,1992,16100000.000000002
2508,Pakistan,1993,18400000.0
2509,Pakistan,1994,19500000.0
2510,Pakistan,1995,20200000.0
2511,Pakistan,1996,22800000.0
2512,Pakistan,1997,23300000.0
2513,Pakistan,1998,24600000.0
2514,Pakistan,1999,25900000.0
2515,Pakistan,2000,25600000.0
2516,Pakistan,2001,25500000.0
2517,Pakistan,2002,25900000.0
2518,Pakistan,2003,27100000.0
2519,Pakistan,2004,29300000.0
2520,Pakistan,2005,27200000.0
2521,Pakistan,2006,27600000.0
2522,Pakistan,2007,33200000.000000004
2523,Pakistan,2008,32200000.000000004
2524,Pakistan,2009,32700000.000000004
2525,Pakistan,2010,33400000.0
2526,Pakistan,2011,35000000.0
2527,Pakistan,2012,35800000.0
2528,Pakistan,2013,36600000.0
2529,Pakistan,2014,39100000.0
2532,Panama,1990,1300000.0
2533,Panama,1991,1300000.0
2534,Panama,1992,1400000.0
2535,Panama,1993,1500000.0
2536,Panama,1994,1600000.0
2537,Panama,1995,1700000.0
2538,Panama,1996,1800000.0
2539,Panama,1997,1900000.0
2540,Panama,1998,2200000.0
2541,Panama,1999,2300000.0
2542,Panama,2000,2300000.0
2543,Panama,2001,2200000.0
2544,Panama,2002,2400000.0
2545,Panama,2003,2500000.0
2546,Panama,2004,2600000.0
2547,Panama,2005,2900000.0
2548,Panama,2006,3000000.0
2549,Panama,2007,2800000.0
2550,Panama,2008,3100000.0
2551,Panama,2009,3400000.0
2552,Panama,2010,3500000.0
2553,Panama,2011,3600000.0
2554,Panama,2012,3700000.0
2555,Panama,2013,3700000.0
2556,Panama,2014,3900000.0
2559,Paraguay,1990,1600000.0
2560,Paraguay,1991,1500000.0
2561,Paraguay,1992,1800000.0
2562,Paraguay,1993,2300000.0
2563,Paraguay,1994,2600000.0
2564,Paraguay,1995,2900000.0
2565,Paraguay,1996,3000000.0
2566,Paraguay,1997,3300000.0
2567,Paraguay,1998,3500000.0
2568,Paraguay,1999,3500000.0
2569,Paraguay,2000,2800000.0
2570,Paraguay,2001,3000000.0
2571,Paraguay,2002,3200000.0
2572,Paraguay,2003,3400000.0
2573,Paraguay,2004,3400000.0
2574,Paraguay,2005,3100000.0
2575,Paraguay,2006,3200000.0
2576,Paraguay,2007,3500000.0
2577,Paraguay,2008,3700000.0
2578,Paraguay,2009,3800000.0
2579,Paraguay,2010,4300000.0
2580,Paraguay,2011,4500000.0
2581,Paraguay,2012,4600000.0
2582,Paraguay,2013,4600000.0
2583,Paraguay,2014,4800000.0
2586,Peru,1990,7100000.0
2587,Peru,1991,6400000.0
2588,Peru,1992,6900000.0
2589,Peru,1993,7100000.0
2590,Peru,1994,8000000.0
2591,Peru,1995,8700000.0
2592,Peru,1996,9100000.0
2593,Peru,1997,9400000.0
2594,Peru,1998,9300000.0
2595,Peru,1999,9900000.0
2596,Peru,2000,9700000.0
2597,Peru,2001,9100000.0
2598,Peru,2002,8900000.0
2599,Peru,2003,9400000.0
2600,Peru,2004,10600000.0
2601,Peru,2005,10100000.0
2602,Peru,2006,10800000.0
2603,Peru,2007,11300000.0
2604,Peru,2008,13800000.0
2605,Peru,2009,15100000.0
2606,Peru,2010,16399999.999999998
2607,Peru,2011,17000000.0
2608,Peru,2012,17400000.0
2609,Peru,2013,18700000.0
2610,Peru,2014,18700000.0
2613,Philippines,1990,13700000.0
2614,Philippines,1991,13900000.0
2615,Philippines,1992,15900000.0
2616,Philippines,1993,16900000.0
2617,Philippines,1994,18500000.0
2618,Philippines,1995,22200000.0
2619,Philippines,1996,25100000.0
2620,Philippines,1997,27100000.0
2621,Philippines,1998,27300000.0
2622,Philippines,1999,27200000.0
2623,Philippines,2000,24600000.0
2624,Philippines,2001,26600000.0
2625,Philippines,2002,26800000.0
2626,Philippines,2003,25800000.0
2627,Philippines,2004,26700000.0
2628,Philippines,2005,25200000.0
2629,Philippines,2006,23400000.0
2630,Philippines,2007,22000000.0
2631,Philippines,2008,22200000.0
2632,Philippines,2009,23300000.0
2633,Philippines,2010,23700000.0
2634,Philippines,2011,23500000.0
2635,Philippines,2012,24500000.0
2636,Philippines,2013,25600000.0
2637,Philippines,2014,26600000.0
2640,Poland,1990,20200000.0
2641,Poland,1991,21100000.0
2642,Poland,1992,21500000.0
2643,Poland,1993,20900000.0
2644,Poland,1994,21500000.0
2645,Poland,1995,22300000.0
2646,Poland,1996,25300000.0
2647,Poland,1997,26700000.0
2648,Poland,1998,28200000.0
2649,Poland,1999,30700000.0
2650,Poland,2000,27000000.0
2651,Poland,2001,26800000.0
2652,Poland,2002,25900000.0
2653,Poland,2003,28300000.0
2654,Poland,2004,32100000.0
2655,Poland,2005,34500000.0
2656,Poland,2006,38300000.0
2657,Poland,2007,42300000.0
2658,Poland,2008,44300000.0
2659,Poland,2009,44700000.0
2660,Poland,2010,47100000.0
2661,Poland,2011,47700000.0
2662,Poland,2012,45900000.0
2663,Poland,2013,43200000.0
2664,Poland,2014,43800000.0
2667,Portugal,1990,9700000.0
2668,Portugal,1991,10300000.0
2669,Portugal,1992,11300000.0
2670,Portugal,1993,11800000.0
2671,Portugal,1994,12400000.0
2672,Portugal,1995,12900000.0
2673,Portugal,1996,13700000.0
2674,Portugal,1997,14200000.0
2675,Portugal,1998,15500000.0
2676,Portugal,1999,16200000.0
2677,Portugal,2000,17600000.0
2678,Portugal,2001,17900000.0
2679,Portugal,2002,18500000.0
2680,Portugal,2003,19400000.0
2681,Portugal,2004,19900000.0
2682,Portugal,2005,19100000.0
2683,Portugal,2006,19000000.0
2684,Portugal,2007,19200000.0
2685,Portugal,2008,19200000.0
2686,Portugal,2009,19000000.0
2687,Portugal,2010,18500000.0
2688,Portugal,2011,17200000.0
2689,Portugal,2012,15800000.0
2690,Portugal,2013,15600000.0
2691,Portugal,2014,15700000.0
2694,Qatar,1990,1500000.0
2695,Qatar,1991,1500000.0
2696,Qatar,1992,1600000.0
2697,Qatar,1993,1700000.0
2698,Qatar,1994,1800000.0
2699,Qatar,1995,2000000.0
2700,Qatar,1996,2100000.0
2701,Qatar,1997,2300000.0
2702,Qatar,1998,2500000.0
2703,Qatar,1999,2300000.0
2704,Qatar,2000,2400000.0
2705,Qatar,2001,2600000.0
2706,Qatar,2002,2900000.0
2707,Qatar,2003,3400000.0
2708,Qatar,2004,3800000.0
2709,Qatar,2005,4700000.0
2710,Qatar,2006,5600000.0
2711,Qatar,2007,6500000.0
2712,Qatar,2008,8400000.0
2713,Qatar,2009,8500000.0
2714,Qatar,2010,8900000.0
2715,Qatar,2011,9800000.0
2716,Qatar,2012,9300000.0
2717,Qatar,2013,10100000.0
2718,Qatar,2014,12300000.0
2721,Romania,1990,11700000.0
2722,Romania,1991,10300000.0
2723,Romania,1992,10400000.0
2724,Romania,1993,8300000.000000001
2725,Romania,1994,8900000.0
2726,Romania,1995,8199999.999999999
2727,Romania,1996,11500000.0
2728,Romania,1997,11700000.0
2729,Romania,1998,11100000.0
2730,Romania,1999,9300000.0
2731,Romania,2000,9500000.0
2732,Romania,2001,11500000.0
2733,Romania,2002,11800000.0
2734,Romania,2003,12400000.0
2735,Romania,2004,12900000.0
2736,Romania,2005,12100000.0
2737,Romania,2006,12500000.0
2738,Romania,2007,13200000.0
2739,Romania,2008,14800000.0
2740,Romania,2009,14900000.0
2741,Romania,2010,13800000.0
2742,Romania,2011,14000000.0
2743,Romania,2012,15300000.0
2744,Romania,2013,14900000.0
2745,Romania,2014,15300000.0
2748,Russia,1990,298800000.0
2749,Russia,1991,293100000.0
2750,Russia,1992,280700000.0
2751,Russia,1993,235600000.0
2752,Russia,1994,207100000.0
2753,Russia,1995,190900000.0
2754,Russia,1996,181500000.0
2755,Russia,1997,166600000.0
2756,Russia,1998,196400000.0
2757,Russia,1999,198100000.0
2758,Russia,2000,189200000.0
2759,Russia,2001,195600000.0
2760,Russia,2002,198600000.0
2761,Russia,2003,207600000.0
2762,Russia,2004,222200000.0
2763,Russia,2005,220900000.0
2764,Russia,2006,229200000.0
2765,Russia,2007,230700000.0
2766,Russia,2008,245300000.0
2767,Russia,2009,228300000.0
2768,Russia,2010,244100000.0
2769,Russia,2011,249700000.0
2770,Russia,2012,237300000.0
2771,Russia,2013,238700000.0
2772,Russia,2014,241400000.0
2775,Saudi Arabia,1990,49400000.0
2776,Saudi Arabia,1991,51500000.0
2777,Saudi Arabia,1992,54500000.0
2778,Saudi Arabia,1993,57400000.0
2779,Saudi Arabia,1994,61200000.0
2780,Saudi Arabia,1995,54100000.0
2781,Saudi Arabia,1996,56900000.0
2782,Saudi Arabia,1997,57700000.0
2783,Saudi Arabia,1998,57900000.0
2784,Saudi Arabia,1999,58100000.0
2785,Saudi Arabia,2000,60900000.0
2786,Saudi Arabia,2001,62700000.0
2787,Saudi Arabia,2002,66400000.00000001
2788,Saudi Arabia,2003,68700000.0
2789,Saudi Arabia,2004,72200000.0
2790,Saudi Arabia,2005,75800000.0
2791,Saudi Arabia,2006,81900000.0
2792,Saudi Arabia,2007,91300000.0
2793,Saudi Arabia,2008,98500000.0
2794,Saudi Arabia,2009,101600000.0
2795,Saudi Arabia,2010,105400000.0
2796,Saudi Arabia,2011,110700000.0
2797,Saudi Arabia,2012,120500000.0
2798,Saudi Arabia,2013,124400000.0
2799,Saudi Arabia,2014,131400000.0
2802,Senegal,1990,700000.0
2803,Senegal,1991,700000.0
2804,Senegal,1992,800000.0
2805,Senegal,1993,800000.0
2806,Senegal,1994,700000.0
2807,Senegal,1995,800000.0
2808,Senegal,1996,800000.0
2809,Senegal,1997,900000.0
2810,Senegal,1998,1000000.0
2811,Senegal,1999,1100000.0
2812,Senegal,2000,1200000.0
2813,Senegal,2001,1200000.0
2814,Senegal,2002,1300000.0
2815,Senegal,2003,1400000.0
2816,Senegal,2004,1500000.0
2817,Senegal,2005,1500000.0
2818,Senegal,2006,1600000.0
2819,Senegal,2007,2000000.0
2820,Senegal,2008,2200000.0
2821,Senegal,2009,2000000.0
2822,Senegal,2010,2100000.0
2823,Senegal,2011,2200000.0
2824,Senegal,2012,2100000.0
2825,Senegal,2013,2300000.0
2826,Senegal,2014,2400000.0
2829,Serbia,1990,4500000.0
2830,Serbia,1991,3200000.0
2831,Serbia,1992,2300000.0
2832,Serbia,1993,2700000.0
2833,Serbia,1994,2600000.0
2834,Serbia,1995,2700000.0
2835,Serbia,1996,4600000.0
2836,Serbia,1997,6300000.0
2837,Serbia,1998,4900000.0
2838,Serbia,1999,2600000.0
2839,Serbia,2000,2300000.0
2840,Serbia,2001,3700000.0
2841,Serbia,2002,4500000.0
2842,Serbia,2003,4900000.0
2843,Serbia,2004,6300000.0
2844,Serbia,2005,6600000.0
2845,Serbia,2006,7100000.0
2846,Serbia,2007,5500000.0
2847,Serbia,2008,6800000.0
2848,Serbia,2009,6400000.0
2849,Serbia,2010,6400000.0
2850,Serbia,2011,5800000.0
2851,Serbia,2012,5100000.0
2852,Serbia,2013,5600000.0
2853,Serbia,2014,5900000.0
2856,Singapore,1990,4100000.0
2857,Singapore,1991,4900000.0
2858,Singapore,1992,4800000.0
2859,Singapore,1993,4700000.0
2860,Singapore,1994,5100000.0
2861,Singapore,1995,5600000.0
2862,Singapore,1996,5100000.0
2863,Singapore,1997,5100000.0
2864,Singapore,1998,5100000.0
2865,Singapore,1999,5100000.0
2866,Singapore,2000,5200000.0
2867,Singapore,2001,5300000.0
2868,Singapore,2002,5300000.0
2869,Singapore,2003,5300000.0
2870,Singapore,2004,5400000.0
2871,Singapore,2005,5600000.0
2872,Singapore,2006,5800000.0
2873,Singapore,2007,6000000.0
2874,Singapore,2008,6100000.0
2875,Singapore,2009,6700000.0
2876,Singapore,2010,7000000.0
2877,Singapore,2011,7600000.0
2878,Singapore,2012,7400000.0
2879,Singapore,2013,7100000.0
2880,Singapore,2014,6900000.0
2883,Slovakia,1990,4100000.0
2884,Slovakia,1991,3400000.0
2885,Slovakia,1992,3500000.0
2886,Slovakia,1993,2900000.0
2887,Slovakia,1994,3400000.0
2888,Slovakia,1995,3800000.0
2889,Slovakia,1996,3500000.0
2890,Slovakia,1997,4100000.0
2891,Slovakia,1998,4200000.0
2892,Slovakia,1999,4200000.0
2893,Slovakia,2000,4100000.0
2894,Slovakia,2001,5300000.0
2895,Slovakia,2002,6100000.0
2896,Slovakia,2003,5600000.0
2897,Slovakia,2004,5900000.0
2898,Slovakia,2005,6500000.0
2899,Slovakia,2006,6100000.0
2900,Slovakia,2007,6700000.0
2901,Slovakia,2008,7300000.0
2902,Slovakia,2009,6300000.0
2903,Slovakia,2010,7200000.0
2904,Slovakia,2011,7100000.0
2905,Slovakia,2012,6500000.0
2906,Slovakia,2013,6500000.0
2907,Slovakia,2014,6100000.0
2910,Slovenia,1990,2600000.0
2911,Slovenia,1991,2500000.0
2912,Slovenia,1992,2600000.0
2913,Slovenia,1993,3100000.0
2914,Slovenia,1994,3400000.0
2915,Slovenia,1995,3800000.0
2916,Slovenia,1996,4400000.0
2917,Slovenia,1997,4600000.0
2918,Slovenia,1998,3800000.0
2919,Slovenia,1999,3600000.0
2920,Slovenia,2000,3500000.0
2921,Slovenia,2001,3700000.0
2922,Slovenia,2002,3800000.0
2923,Slovenia,2003,3900000.0
2924,Slovenia,2004,4000000.0
2925,Slovenia,2005,4300000.0
2926,Slovenia,2006,4500000.0
2927,Slovenia,2007,5200000.0
2928,Slovenia,2008,6100000.0
2929,Slovenia,2009,5100000.0
2930,Slovenia,2010,5200000.0
2931,Slovenia,2011,5600000.0
2932,Slovenia,2012,5600000.0
2933,Slovenia,2013,5300000.0
2934,Slovenia,2014,5300000.0
2937,South Africa,1990,29500000.0
2938,South Africa,1991,29600000.0
2939,South Africa,1992,30100000.0
2940,South Africa,1993,30200000.0
2941,South Africa,1994,31300000.0
2942,South Africa,1995,35200000.0
2943,South Africa,1996,34300000.0
2944,South Africa,1997,35200000.0
2945,South Africa,1998,34900000.0
2946,South Africa,1999,35400000.0
2947,South Africa,2000,35200000.0
2948,South Africa,2001,36000000.0
2949,South Africa,2002,36800000.0
2950,South Africa,2003,39000000.0
2951,South Africa,2004,41300000.0
2952,South Africa,2005,43200000.0
2953,South Africa,2006,44400000.0
2954,South Africa,2007,48800000.0
2955,South Africa,2008,48800000.0
2956,South Africa,2009,46800000.0
2957,South Africa,2010,48100000.0
2958,South Africa,2011,50500000.0
2959,South Africa,2012,50500000.0
2960,South Africa,2013,55300000.0
2961,South Africa,2014,52700000.0
2964,South Korea,1990,43700000.0
2965,South Korea,1991,49000000.0
2966,South Korea,1992,54500000.0
2967,South Korea,1993,61500000.0
2968,South Korea,1994,64599999.99999999
2969,South Korea,1995,72500000.0
2970,South Korea,1996,76400000.0
2971,South Korea,1997,78100000.0
2972,South Korea,1998,65200000.0
2973,South Korea,1999,71800000.0
2974,South Korea,2000,77800000.0
2975,South Korea,2001,81000000.0
2976,South Korea,2002,86400000.0
2977,South Korea,2003,88300000.0
2978,South Korea,2004,88900000.0
2979,South Korea,2005,86100000.0
2980,South Korea,2006,86000000.0
2981,South Korea,2007,88600000.0
2982,South Korea,2008,84200000.0
2983,South Korea,2009,85100000.0
2984,South Korea,2010,86600000.0
2985,South Korea,2011,85100000.0
2986,South Korea,2012,87600000.0
2987,South Korea,2013,90900000.0
2988,South Korea,2014,92500000.0
2991,South Sudan,2012,1000000.0
2992,South Sudan,2013,1000000.0
2993,South Sudan,2014,1000000.0
2996,Spain,1990,63200000.0
2997,Spain,1991,65800000.0
2998,Spain,1992,69400000.0
2999,Spain,1993,68400000.0
3000,Spain,1994,70700000.0
3001,Spain,1995,71900000.0
3002,Spain,1996,76800000.0
3003,Spain,1997,76700000.0
3004,Spain,1998,84200000.0
3005,Spain,1999,88500000.0
3006,Spain,2000,90400000.0
3007,Spain,2001,94400000.0
3008,Spain,2002,96100000.0
3009,Spain,2003,101100000.0
3010,Spain,2004,105500000.0
3011,Spain,2005,109200000.0
3012,Spain,2006,113100000.0
3013,Spain,2007,116100000.0
3014,Spain,2008,109900000.0
3015,Spain,2009,101300000.0
3016,Spain,2010,98400000.0
3017,Spain,2011,91900000.0
3018,Spain,2012,82700000.0
3019,Spain,2013,81600000.0
3020,Spain,2014,82000000.0
3023,Sri Lanka,1990,2500000.0
3024,Sri Lanka,1991,2500000.0
3025,Sri Lanka,1992,2800000.0
3026,Sri Lanka,1993,3000000.0
3027,Sri Lanka,1994,3500000.0
3028,Sri Lanka,1995,3700000.0
3029,Sri Lanka,1996,5100000.0
3030,Sri Lanka,1997,4700000.0
3031,Sri Lanka,1998,4900000.0
3032,Sri Lanka,1999,5400000.0
3033,Sri Lanka,2000,5200000.0
3034,Sri Lanka,2001,5200000.0
3035,Sri Lanka,2002,5300000.0
3036,Sri Lanka,2003,5700000.0
3037,Sri Lanka,2004,5800000.0
3038,Sri Lanka,2005,6300000.0
3039,Sri Lanka,2006,6000000.0
3040,Sri Lanka,2007,6600000.0
3041,Sri Lanka,2008,6000000.0
3042,Sri Lanka,2009,5500000.0
3043,Sri Lanka,2010,6900000.0
3044,Sri Lanka,2011,7400000.0
3045,Sri Lanka,2012,7400000.0
3046,Sri Lanka,2013,7700000.0
3047,Sri Lanka,2014,8100000.0
3050,Sudan,1990,4000000.0
3051,Sudan,1991,3100000.0
3052,Sudan,1992,3100000.0
3053,Sudan,1993,2000000.0
3054,Sudan,1994,3000000.0
3055,Sudan,1995,2800000.0
3056,Sudan,1996,2600000.0
3057,Sudan,1997,3100000.0
3058,Sudan,1998,3000000.0
3059,Sudan,1999,2400000.0
3060,Sudan,2000,2600000.0
3061,Sudan,2001,3400000.0
3062,Sudan,2002,3900000.0
3063,Sudan,2003,3800000.0
3064,Sudan,2004,4200000.0
3065,Sudan,2005,4900000.0
3066,Sudan,2006,5900000.0
3067,Sudan,2007,6500000.0
3068,Sudan,2008,7700000.0
3069,Sudan,2009,7800000.0
3070,Sudan,2010,8800000.0
3071,Sudan,2011,8800000.0
3072,Sudan,2012,8500000.0
3073,Sudan,2013,8199999.999999999
3074,Sudan,2014,8000000.0
3077,Suriname,2000,300000.0
3078,Suriname,2001,300000.0
3079,Suriname,2002,400000.0
3080,Suriname,2003,500000.0
3081,Suriname,2004,500000.0
3082,Suriname,2005,500000.0
3083,Suriname,2006,500000.0
3084,Suriname,2007,500000.0
3085,Suriname,2008,600000.0
3086,Suriname,2009,600000.0
3087,Suriname,2010,600000.0
3088,Suriname,2011,600000.0
3089,Suriname,2012,700000.0
3090,Suriname,2013,600000.0
3091,Suriname,2014,700000.0
3094,Sweden,1990,19900000.0
3095,Sweden,1991,19600000.0
3096,Sweden,1992,20300000.0
3097,Sweden,1993,19400000.0
3098,Sweden,1994,20100000.0
3099,Sweden,1995,20300000.0
3100,Sweden,1996,20100000.0
3101,Sweden,1997,20300000.0
3102,Sweden,1998,20600000.0
3103,Sweden,1999,21100000.0
3104,Sweden,2000,21200000.0
3105,Sweden,2001,21100000.0
3106,Sweden,2002,21300000.0
3107,Sweden,2003,21600000.0
3108,Sweden,2004,22000000.0
3109,Sweden,2005,22400000.0
3110,Sweden,2006,22300000.0
3111,Sweden,2007,22600000.0
3112,Sweden,2008,21800000.0
3113,Sweden,2009,21200000.0
3114,Sweden,2010,21700000.0
3115,Sweden,2011,21100000.0
3116,Sweden,2012,20200000.0
3117,Sweden,2013,19700000.0
3118,Sweden,2014,19900000.0
3121,Switzerland,1990,14500000.0
3122,Switzerland,1991,14900000.0
3123,Switzerland,1992,15300000.0
3124,Switzerland,1993,14300000.0
3125,Switzerland,1994,14600000.0
3126,Switzerland,1995,14400000.0
3127,Switzerland,1996,14400000.0
3128,Switzerland,1997,14900000.0
3129,Switzerland,1998,15000000.0
3130,Switzerland,1999,15000000.0
3131,Switzerland,2000,16500000.0
3132,Switzerland,2001,16200000.0
3133,Switzerland,2002,16300000.0
3134,Switzerland,2003,16399999.999999998
3135,Switzerland,2004,16500000.0
3136,Switzerland,2005,16600000.000000002
3137,Switzerland,2006,16700000.0
3138,Switzerland,2007,17000000.0
3139,Switzerland,2008,17400000.0
3140,Switzerland,2009,17200000.0
3141,Switzerland,2010,17200000.0
3142,Switzerland,2011,17000000.0
3143,Switzerland,2012,17100000.0
3144,Switzerland,2013,17100000.0
3145,Switzerland,2014,16900000.0
3148,Syria,1990,7200000.0
3149,Syria,1991,7600000.0
3150,Syria,1992,7200000.0
3151,Syria,1993,7500000.0
3152,Syria,1994,7500000.0
3153,Syria,1995,7500000.0
3154,Syria,1996,8800000.0
3155,Syria,1997,9000000.0
3156,Syria,1998,9300000.0
3157,Syria,1999,8000000.0
3158,Syria,2000,8500000.0
3159,Syria,2001,8000000.0
3160,Syria,2002,8700000.0
3161,Syria,2003,7900000.0
3162,Syria,2004,10300000.0
3163,Syria,2005,13600000.0
3164,Syria,2006,14500000.0
3165,Syria,2007,15100000.0
3166,Syria,2008,15200000.0
3167,Syria,2009,12800000.0
3168,Syria,2010,12300000.0
3169,Syria,2011,11800000.0
3170,Syria,2012,8400000.0
3171,Syria,2013,7200000.0
3172,Syria,2014,6600000.0
3175,Tajikistan,1990,700000.0
3176,Tajikistan,1991,700000.0
3177,Tajikistan,1992,400000.0
3178,Tajikistan,1993,300000.0
3179,Tajikistan,1994,200000.0
3180,Tajikistan,1995,200000.0
3181,Tajikistan,1996,100000.0
3182,Tajikistan,1997,100000.0
3183,Tajikistan,1998,100000.0
3184,Tajikistan,1999,100000.0
3185,Tajikistan,2000,0.0
3186,Tajikistan,2001,100000.0
3187,Tajikistan,2002,100000.0
3188,Tajikistan,2003,100000.0
3189,Tajikistan,2004,100000.0
3190,Tajikistan,2005,100000.0
3191,Tajikistan,2006,200000.0
3192,Tajikistan,2007,300000.0
3193,Tajikistan,2008,300000.0
3194,Tajikistan,2009,200000.0
3195,Tajikistan,2010,300000.0
3196,Tajikistan,2011,300000.0
3197,Tajikistan,2012,900000.0
3198,Tajikistan,2013,900000.0
3199,Tajikistan,2014,1500000.0
3202,Tanzania,1990,700000.0
3203,Tanzania,1991,700000.0
3204,Tanzania,1992,700000.0
3205,Tanzania,1993,700000.0
3206,Tanzania,1994,700000.0
3207,Tanzania,1995,900000.0
3208,Tanzania,1996,1200000.0
3209,Tanzania,1997,1200000.0
3210,Tanzania,1998,1400000.0
3211,Tanzania,1999,1200000.0
3212,Tanzania,2000,1500000.0
3213,Tanzania,2001,1700000.0
3214,Tanzania,2002,2200000.0
3215,Tanzania,2003,2300000.0
3216,Tanzania,2004,2400000.0
3217,Tanzania,2005,2700000.0
3218,Tanzania,2006,2800000.0
3219,Tanzania,2007,2800000.0
3220,Tanzania,2008,3000000.0
3221,Tanzania,2009,2900000.0
3222,Tanzania,2010,3500000.0
3223,Tanzania,2011,4800000.0
3224,Tanzania,2012,6000000.0
3225,Tanzania,2013,6100000.0
3226,Tanzania,2014,6000000.0
3229,Thailand,1990,27300000.0
3230,Thailand,1991,28400000.0
3231,Thailand,1992,30000000.0
3232,Thailand,1993,35300000.0
3233,Thailand,1994,39300000.0
3234,Thailand,1995,46800000.0
3235,Thailand,1996,51100000.0
3236,Thailand,1997,50800000.0
3237,Thailand,1998,44000000.0
3238,Thailand,1999,45300000.0
3239,Thailand,2000,44200000.0
3240,Thailand,2001,45400000.0
3241,Thailand,2002,47900000.0
3242,Thailand,2003,51200000.0
3243,Thailand,2004,55000000.0
3244,Thailand,2005,55000000.0
3245,Thailand,2006,51300000.0
3246,Thailand,2007,55600000.0
3247,Thailand,2008,53100000.0
3248,Thailand,2009,56400000.0
3249,Thailand,2010,57200000.0
3250,Thailand,2011,60200000.0
3251,Thailand,2012,62900000.0
3252,Thailand,2013,62500000.0
3253,Thailand,2014,60600000.0
3256,Togo,1990,400000.0
3257,Togo,1991,300000.0
3258,Togo,1992,300000.0
3259,Togo,1993,200000.0
3260,Togo,1994,300000.0
3261,Togo,1995,400000.0
3262,Togo,1996,700000.0
3263,Togo,1997,400000.0
3264,Togo,1998,500000.0
3265,Togo,1999,600000.0
3266,Togo,2000,400000.0
3267,Togo,2001,300000.0
3268,Togo,2002,500000.0
3269,Togo,2003,700000.0
3270,Togo,2004,600000.0
3271,Togo,2005,600000.0
3272,Togo,2006,600000.0
3273,Togo,2007,600000.0
3274,Togo,2008,900000.0
3275,Togo,2009,1900000.0
3276,Togo,2010,1600000.0
3277,Togo,2011,1500000.0
3278,Togo,2012,1300000.0
3279,Togo,2013,1300000.0
3280,Togo,2014,1400000.0
3283,Trinidad and Tobago,1990,1300000.0
3284,Trinidad and Tobago,1991,1400000.0
3285,Trinidad and Tobago,1992,1400000.0
3286,Trinidad and Tobago,1993,1200000.0
3287,Trinidad and Tobago,1994,1300000.0
3288,Trinidad and Tobago,1995,1300000.0
3289,Trinidad and Tobago,1996,1400000.0
3290,Trinidad and Tobago,1997,1500000.0
3291,Trinidad and Tobago,1998,1600000.0
3292,Trinidad and Tobago,1999,1600000.0
3293,Trinidad and Tobago,2000,1600000.0
3294,Trinidad and Tobago,2001,1600000.0
3295,Trinidad and Tobago,2002,1700000.0
3296,Trinidad and Tobago,2003,1700000.0
3297,Trinidad and Tobago,2004,2100000.0
3298,Trinidad and Tobago,2005,2200000.0
3299,Trinidad and Tobago,2006,2600000.0
3300,Trinidad and Tobago,2007,2800000.0
3301,Trinidad and Tobago,2008,3000000.0
3302,Trinidad and Tobago,2009,3000000.0
3303,Trinidad and Tobago,2010,3200000.0
3304,Trinidad and Tobago,2011,3200000.0
3305,Trinidad and Tobago,2012,3100000.0
3306,Trinidad and Tobago,2013,3200000.0
3307,Trinidad and Tobago,2014,3200000.0
3310,Tunisia,1990,2500000.0
3311,Tunisia,1991,2600000.0
3312,Tunisia,1992,2600000.0
3313,Tunisia,1993,3000000.0
3314,Tunisia,1994,3100000.0
3315,Tunisia,1995,3200000.0
3316,Tunisia,1996,3300000.0
3317,Tunisia,1997,3500000.0
3318,Tunisia,1998,3600000.0
3319,Tunisia,1999,3800000.0
3320,Tunisia,2000,4000000.0
3321,Tunisia,2001,4100000.0
3322,Tunisia,2002,4200000.0
3323,Tunisia,2003,4400000.0
3324,Tunisia,2004,4400000.0
3325,Tunisia,2005,4600000.0
3326,Tunisia,2006,4600000.0
3327,Tunisia,2007,4800000.0
3328,Tunisia,2008,4700000.0
3329,Tunisia,2009,5700000.0
3330,Tunisia,2010,6900000.0
3331,Tunisia,2011,6400000.0
3332,Tunisia,2012,6400000.0
3333,Tunisia,2013,6100000.0
3334,Tunisia,2014,6300000.0
3337,Turkey,1990,27900000.0
3338,Turkey,1991,26600000.0
3339,Turkey,1992,27100000.0
3340,Turkey,1993,32300000.0
3341,Turkey,1994,31300000.0
3342,Turkey,1995,35200000.0
3343,Turkey,1996,37000000.0
3344,Turkey,1997,34300000.0
3345,Turkey,1998,31700000.0
3346,Turkey,1999,33300000.0
3347,Turkey,2000,34700000.0
3348,Turkey,2001,33300000.0
3349,Turkey,2002,35100000.0
3350,Turkey,2003,35100000.0
3351,Turkey,2004,35700000.0
3352,Turkey,2005,36900000.0
3353,Turkey,2006,41700000.0
3354,Turkey,2007,47500000.0
3355,Turkey,2008,44700000.0
3356,Turkey,2009,44300000.0
3357,Turkey,2010,43400000.0
3358,Turkey,2011,44000000.0
3359,Turkey,2012,51100000.0
3360,Turkey,2013,57200000.0
3361,Turkey,2014,60900000.0
3364,Turkmenistan,1990,9800000.0
3365,Turkmenistan,1991,8800000.0
3366,Turkmenistan,1992,6900000.0
3367,Turkmenistan,1993,7100000.0
3368,Turkmenistan,1994,4300000.0
3369,Turkmenistan,1995,4000000.0
3370,Turkmenistan,1996,4500000.0
3371,Turkmenistan,1997,2700000.0
3372,Turkmenistan,1998,3300000.0
3373,Turkmenistan,1999,4100000.0
3374,Turkmenistan,2000,6500000.0
3375,Turkmenistan,2001,6600000.0
3376,Turkmenistan,2002,7300000.0
3377,Turkmenistan,2003,8199999.999999999
3378,Turkmenistan,2004,8300000.000000001
3379,Turkmenistan,2005,8600000.0
3380,Turkmenistan,2006,8600000.0
3381,Turkmenistan,2007,9200000.0
3382,Turkmenistan,2008,9500000.0
3383,Turkmenistan,2009,7200000.0
3384,Turkmenistan,2010,8300000.000000001
3385,Turkmenistan,2011,10000000.0
3386,Turkmenistan,2012,10400000.0
3387,Turkmenistan,2013,11100000.0
3388,Turkmenistan,2014,11800000.0
3391,Ukraine,1990,54900000.0
3392,Ukraine,1991,66099999.99999999
3393,Ukraine,1992,40900000.0
3394,Ukraine,1993,35400000.0
3395,Ukraine,1994,32300000.0
3396,Ukraine,1995,33300000.0
3397,Ukraine,1996,30200000.0
3398,Ukraine,1997,35900000.0
3399,Ukraine,1998,33600000.0
3400,Ukraine,1999,28100000.0
3401,Ukraine,2000,26900000.0
3402,Ukraine,2001,28500000.0
3403,Ukraine,2002,29700000.0
3404,Ukraine,2003,29200000.0
3405,Ukraine,2004,31200000.0
3406,Ukraine,2005,30600000.0
3407,Ukraine,2006,30200000.0
3408,Ukraine,2007,40000000.0
3409,Ukraine,2008,39900000.0
3410,Ukraine,2009,33400000.0
3411,Ukraine,2010,33900000.0
3412,Ukraine,2011,33700000.0
3413,Ukraine,2012,31300000.0
3414,Ukraine,2013,31400000.0
3415,Ukraine,2014,27000000.0
3418,United Arab Emirates,1990,11300000.0
3419,United Arab Emirates,1991,11600000.0
3420,United Arab Emirates,1992,11800000.0
3421,United Arab Emirates,1993,12600000.0
3422,United Arab Emirates,1994,12500000.0
3423,United Arab Emirates,1995,13100000.0
3424,United Arab Emirates,1996,13300000.0
3425,United Arab Emirates,1997,13200000.0
3426,United Arab Emirates,1998,13200000.0
3427,United Arab Emirates,1999,13600000.0
3428,United Arab Emirates,2000,14900000.0
3429,United Arab Emirates,2001,16300000.0
3430,United Arab Emirates,2002,18800000.0
3431,United Arab Emirates,2003,20900000.0
3432,United Arab Emirates,2004,21100000.0
3433,United Arab Emirates,2005,22700000.0
3434,United Arab Emirates,2006,23900000.0
3435,United Arab Emirates,2007,24600000.0
3436,United Arab Emirates,2008,26200000.0
3437,United Arab Emirates,2009,28800000.0
3438,United Arab Emirates,2010,30100000.0
3439,United Arab Emirates,2011,30100000.0
3440,United Arab Emirates,2012,30800000.0
3441,United Arab Emirates,2013,34700000.0
3442,United Arab Emirates,2014,35600000.0
3445,United Kingdom,1990,115000000.0
3446,United Kingdom,1991,114400000.0
3447,United Kingdom,1992,115800000.0
3448,United Kingdom,1993,117000000.0
3449,United Kingdom,1994,117400000.0
3450,United Kingdom,1995,116300000.0
3451,United Kingdom,1996,120900000.0
3452,United Kingdom,1997,122000000.0
3453,United Kingdom,1998,121200000.0
3454,United Kingdom,1999,124700000.0
3455,United Kingdom,2000,122900000.0
3456,United Kingdom,2001,121900000.0
3457,United Kingdom,2002,123200000.0
3458,United Kingdom,2003,124600000.0
3459,United Kingdom,2004,126000000.0
3460,United Kingdom,2005,127200000.0
3461,United Kingdom,2006,128900000.0
3462,United Kingdom,2007,129600000.0
3463,United Kingdom,2008,122700000.0
3464,United Kingdom,2009,118300000.0
3465,United Kingdom,2010,116800000.0
3466,United Kingdom,2011,115400000.0
3467,United Kingdom,2012,114900000.0
3468,United Kingdom,2013,114200000.0
3469,United Kingdom,2014,115600000.0
3472,United States,1990,1427000000.0
3473,United States,1991,1399700000.0
3474,United States,1992,1430700000.0
3475,United States,1993,1454200000.0
3476,United States,1994,1506900000.0
3477,United States,1995,1537800000.0
3478,United States,1996,1577200000.0
3479,United States,1997,1602100000.0
3480,United States,1998,1640400000.0
3481,United States,1999,1686200000.0
3482,United States,2000,1717800000.0
3483,United States,2001,1720000000.0
3484,United States,2002,1741600000.0
3485,United States,2003,1766800000.0
3486,United States,2004,1788700000.0
3487,United States,2005,1807700000.0
3488,United States,2006,1806000000.0
3489,United States,2007,1806400000.0
3490,United States,2008,1708300000.0
3491,United States,2009,1622500000.0
3492,United States,2010,1679800000.0
3493,United States,2011,1633600000.0
3494,United States,2012,1597500000.0
3495,United States,2013,1646900000.0
3496,United States,2014,1639800000.0
3499,Uruguay,1990,1500000.0
3500,Uruguay,1991,1600000.0
3501,Uruguay,1992,1700000.0
3502,Uruguay,1993,2000000.0
3503,Uruguay,1994,2200000.0
3504,Uruguay,1995,2200000.0
3505,Uruguay,1996,2300000.0
3506,Uruguay,1997,2500000.0
3507,Uruguay,1998,2700000.0
3508,Uruguay,1999,2800000.0
3509,Uruguay,2000,2400000.0
3510,Uruguay,2001,2400000.0
3511,Uruguay,2002,2200000.0
3512,Uruguay,2003,2100000.0
3513,Uruguay,2004,2200000.0
3514,Uruguay,2005,2300000.0
3515,Uruguay,2006,2400000.0
3516,Uruguay,2007,2600000.0
3517,Uruguay,2008,2700000.0
3518,Uruguay,2009,2800000.0
3519,Uruguay,2010,3100000.0
3520,Uruguay,2011,3200000.0
3521,Uruguay,2012,3300000.0
3522,Uruguay,2013,3500000.0
3523,Uruguay,2014,3500000.0
3526,Uzbekistan,1990,5700000.0
3527,Uzbekistan,1991,8000000.0
3528,Uzbekistan,1992,6700000.0
3529,Uzbekistan,1993,6100000.0
3530,Uzbekistan,1994,6000000.0
3531,Uzbekistan,1995,7300000.0
3532,Uzbekistan,1996,9400000.0
3533,Uzbekistan,1997,9500000.0
3534,Uzbekistan,1998,10200000.0
3535,Uzbekistan,1999,10400000.0
3536,Uzbekistan,2000,10300000.0
3537,Uzbekistan,2001,10300000.0
3538,Uzbekistan,2002,10300000.0
3539,Uzbekistan,2003,10800000.0
3540,Uzbekistan,2004,9500000.0
3541,Uzbekistan,2005,8700000.0
3542,Uzbekistan,2006,8700000.0
3543,Uzbekistan,2007,8700000.0
3544,Uzbekistan,2008,9000000.0
3545,Uzbekistan,2009,8800000.0
3546,Uzbekistan,2010,8000000.0
3547,Uzbekistan,2011,8000000.0
3548,Uzbekistan,2012,7900000.0
3549,Uzbekistan,2013,6900000.0
3550,Uzbekistan,2014,6700000.0
3553,Venezuela,1990,28600000.0
3554,Venezuela,1991,30300000.0
3555,Venezuela,1992,29800000.0
3556,Venezuela,1993,31900000.0
3557,Venezuela,1994,32400000.0
3558,Venezuela,1995,33500000.0
3559,Venezuela,1996,34800000.0
3560,Venezuela,1997,32500000.0
3561,Venezuela,1998,33200000.000000004
3562,Venezuela,1999,33200000.000000004
3563,Venezuela,2000,34100000.0
3564,Venezuela,2001,36700000.0
3565,Venezuela,2002,35700000.0
3566,Venezuela,2003,36300000.0
3567,Venezuela,2004,38000000.0
3568,Venezuela,2005,42200000.0
3569,Venezuela,2006,39800000.0
3570,Venezuela,2007,43000000.0
3571,Venezuela,2008,44400000.0
3572,Venezuela,2009,46600000.0
3573,Venezuela,2010,48200000.0
3574,Venezuela,2011,43100000.0
3575,Venezuela,2012,52800000.0
3576,Venezuela,2013,44200000.0
3577,Venezuela,2014,50000000.0
3580,Vietnam,1990,4200000.0
3581,Vietnam,1991,3900000.0
3582,Vietnam,1992,4400000.0
3583,Vietnam,1993,6900000.0
3584,Vietnam,1994,7600000.0
3585,Vietnam,1995,7300000.0
3586,Vietnam,1996,8000000.0
3587,Vietnam,1997,8700000.0
3588,Vietnam,1998,9200000.0
3589,Vietnam,1999,9800000.0
3590,Vietnam,2000,10600000.0
3591,Vietnam,2001,11300000.0
3592,Vietnam,2002,13800000.0
3593,Vietnam,2003,15700000.0
3594,Vietnam,2004,19100000.0
3595,Vietnam,2005,19200000.0
3596,Vietnam,2006,19200000.0
3597,Vietnam,2007,22400000.0
3598,Vietnam,2008,23800000.0
3599,Vietnam,2009,28600000.0
3600,Vietnam,2010,30500000.0
3601,Vietnam,2011,30100000.0
3602,Vietnam,2012,29600000.0
3603,Vietnam,2013,28800000.0
3604,Vietnam,2014,29400000.0
3634,Yemen,1990,4000000.0
3635,Yemen,1991,5100000.0
3636,Yemen,1992,5400000.0
3637,Yemen,1993,4400000.0
3638,Yemen,1994,4400000.0
3639,Yemen,1995,4000000.0
3640,Yemen,1996,3800000.0
3641,Yemen,1997,3800000.0
3642,Yemen,1998,4100000.0
3643,Yemen,1999,4500000.0
3644,Yemen,2000,4400000.0
3645,Yemen,2001,4800000.0
3646,Yemen,2002,4200000.0
3647,Yemen,2003,5000000.0
3648,Yemen,2004,5200000.0
3649,Yemen,2005,5600000.0
3650,Yemen,2006,5200000.0
3651,Yemen,2007,4700000.0
3652,Yemen,2008,5000000.0
3653,Yemen,2009,8100000.0
3654,Yemen,2010,7200000.0
3655,Yemen,2011,6700000.0
3656,Yemen,2012,5500000.0
3657,Yemen,2013,8300000.000000001
3658,Yemen,2014,8400000.0
3661,Zambia,1990,800000.0
3662,Zambia,1991,1000000.0
3663,Zambia,1992,900000.0
3664,Zambia,1993,700000.0
3665,Zambia,1994,800000.0
3666,Zambia,1995,800000.0
3667,Zambia,1996,600000.0
3668,Zambia,1997,700000.0
3669,Zambia,1998,700000.0
3670,Zambia,1999,700000.0
3671,Zambia,2000,700000.0
3672,Zambia,2001,800000.0
3673,Zambia,2002,800000.0
3674,Zambia,2003,900000.0
3675,Zambia,2004,900000.0
3676,Zambia,2005,1000000.0
3677,Zambia,2006,1000000.0
3678,Zambia,2007,500000.0
3679,Zambia,2008,500000.0
3680,Zambia,2009,600000.0
3681,Zambia,2010,700000.0
3682,Zambia,2011,700000.0
3683,Zambia,2012,900000.0
3684,Zambia,2013,1000000.0
3685,Zambia,2014,1100000.0
3688,Zimbabwe,1990,2100000.0
3689,Zimbabwe,1991,1600000.0
3690,Zimbabwe,1992,2200000.0
3691,Zimbabwe,1993,2000000.0
3692,Zimbabwe,1994,1700000.0
3693,Zimbabwe,1995,2200000.0
3694,Zimbabwe,1996,2100000.0
3695,Zimbabwe,1997,2100000.0
3696,Zimbabwe,1998,2100000.0
3697,Zimbabwe,1999,3100000.0
3698,Zimbabwe,2000,1900000.0
3699,Zimbabwe,2001,1800000.0
3700,Zimbabwe,2002,1700000.0
3701,Zimbabwe,2003,1400000.0
3702,Zimbabwe,2004,1200000.0
3703,Zimbabwe,2005,1300000.0
3704,Zimbabwe,2006,1300000.0
3705,Zimbabwe,2007,1200000.0
3706,Zimbabwe,2008,1000000.0
3707,Zimbabwe,2009,1100000.0
3708,Zimbabwe,2010,1300000.0
3709,Zimbabwe,2011,2300000.0
3710,Zimbabwe,2012,2600000.0
3711,Zimbabwe,2013,2900000.0
3712,Zimbabwe,2014,2600000.0
